[
	{
		"id": 1,
		"name": "Wall",
		"command1": "WalkTo",
		"command2": "Examine",
		"type": 1,
		"visibility": 0,
		"height": 192,
		"textureFront": 2,
		"textureBack": 2
	},
	{
		"id": 2,
		"name": "Doorframe",
		"command1": "WalkTo",
		"command2": "Close",
		"type": 0,
		"visibility": 1,
		"height": 192,
		"textureFront": 4,
		"textureBack": 4
	},
	{
		"id": 3,
		"name": "Door",
		"description": "The door is shut",
		"command1": "Open",
		"command2": "Examine",
		"type": 1,
		"visibility": 1,
		"height": 192,
		"textureFront": 0,
		"textureBack": 0
	},
	{
		"id": 4,
		"name": "Window",
		"command1": "WalkTo",
		"command2": "Examine",
		"type": 1,
		"visibility": 0,
		"height": 192,
		"textureFront": 5,
		"textureBack": 5
	},
	{
		"id": 5,
		"name": "Fence",
		"command1": "WalkTo",
		"command2": "Examine",
		"type": 1,
		"visibility": 0,
		"height": 192,
		"textureFront": 10,
		"textureBack": 10
	},
	{
		"id": 6,
		"name": "railings",
		"command1": "WalkTo",
		"command2": "Examine",
		"type": 1,
		"visibility": 0,
		"height": 192,
		"textureFront": 12,
		"textureBack": 12
	},
	{
		"id": 7,
		"name": "Stained glass window",
		"command1": "WalkTo",
		"command2": "Examine",
		"type": 1,
		"visibility": 0,
		"height": 192,
		"textureFront": 18,
		"textureBack": 18
	},
	{
		"id": 8,
		"name": "Highwall",
		"command1": "WalkTo",
		"command2": "Examine",
		"type": 1,
		"visibility": 0,
		"height": 275,
		"textureFront": 2,
		"textureBack": 2
	},
	{
		"id": 9,
		"name": "Door",
		"description": "The door is shut",
		"command1": "Open",
		"command2": "Examine",
		"type": 1,
		"visibility": 1,
		"height": 275,
		"textureFront": 0,
		"textureBack": 0
	},
	{
		"id": 10,
		"name": "Doorframe",
		"command1": "WalkTo",
		"command2": "Close",
		"type": 0,
		"visibility": 1,
		"height": 275,
		"textureFront": 4,
		"textureBack": 4
	},
	{
		"id": 11,
		"name": "battlement",
		"command1": "WalkTo",
		"command2": "Examine",
		"type": 1,
		"visibility": 0,
		"height": 70,
		"textureFront": 2,
		"textureBack": 2
	},
	{
		"id": 12,
		"name": "Doorframe",
		"command1": "WalkTo",
		"command2": "Examine",
		"type": 1,
		"visibility": 0,
		"height": 192,
		"textureFront": 4,
		"textureBack": 4
	},
	{
		"id": 13,
		"name": "snowwall",
		"command1": "WalkTo",
		"command2": "Examine",
		"type": 1,
		"visibility": 0,
		"height": 192,
		"textureFront": -31711,
		"textureBack": -31711
	},
	{
		"id": 14,
		"name": "arrowslit",
		"command1": "WalkTo",
		"command2": "Examine",
		"type": 1,
		"visibility": 0,
		"height": 192,
		"textureFront": 7,
		"textureBack": 7
	},
	{
		"id": 15,
		"name": "timberwall",
		"command1": "WalkTo",
		"command2": "Examine",
		"type": 1,
		"visibility": 0,
		"height": 192,
		"textureFront": 21,
		"textureBack": 21
	},
	{
		"id": 16,
		"name": "timberwindow",
		"command1": "WalkTo",
		"command2": "Examine",
		"type": 1,
		"visibility": 0,
		"height": 192,
		"textureFront": 22,
		"textureBack": 22
	},
	{
		"id": 17,
		"name": "blank",
		"command1": "WalkTo",
		"command2": "Examine",
		"type": 0,
		"visibility": 0,
		"height": 192,
		"textureFront": 12345678,
		"textureBack": 12345678
	},
	{
		"id": 18,
		"name": "highblank",
		"command1": "WalkTo",
		"command2": "Examine",
		"type": 0,
		"visibility": 0,
		"height": 275,
		"textureFront": 12345678,
		"textureBack": 12345678
	},
	{
		"id": 19,
		"name": "mossybricks",
		"command1": "WalkTo",
		"command2": "Examine",
		"type": 1,
		"visibility": 0,
		"height": 192,
		"textureFront": 23,
		"textureBack": 23
	},
	{
		"id": 20,
		"name": "Door",
		"description": "The door is shut",
		"command1": "Open",
		"command2": "Examine",
		"type": 1,
		"visibility": 1,
		"height": 192,
		"textureFront": 0,
		"textureBack": 0
	},
	{
		"id": 21,
		"name": "Door",
		"description": "The door is shut",
		"command1": "Open",
		"command2": "Examine",
		"type": 1,
		"visibility": 1,
		"height": 192,
		"textureFront": 0,
		"textureBack": 0
	},
	{
		"id": 22,
		"name": "Door",
		"description": "The door is shut",
		"command1": "Open",
		"command2": "Examine",
		"type": 1,
		"visibility": 1,
		"height": 192,
		"textureFront": 0,
		"textureBack": 0
	},
	{
		"id": 23,
		"name": "Odd looking wall",
		"description": "This wall doesn't look quite right",
		"command1": "Push",
		"command2": "Examine",
		"type": 1,
		"visibility": 1,
		"height": 192,
		"textureFront": 2,
		"textureBack": 2
	},
	{
		"id": 24,
		"name": "Door",
		"description": "The door is shut",
		"command1": "Open",
		"command2": "Examine",
		"type": 1,
		"visibility": 1,
		"height": 192,
		"textureFront": 0,
		"textureBack": 0
	},
	{
		"id": 25,
		"name": "web",
		"description": "A spider's web",
		"command1": "WalkTo",
		"command2": "Examine",
		"type": 1,
		"visibility": 1,
		"height": 192,
		"textureFront": 26,
		"textureBack": 26
	},
	{
		"id": 26,
		"name": "Door",
		"description": "The door is shut",
		"command1": "Open",
		"command2": "Examine",
		"type": 1,
		"visibility": 1,
		"height": 192,
		"textureFront": 0,
		"textureBack": 0
	},
	{
		"id": 27,
		"name": "Door",
		"description": "The door is shut",
		"command1": "Open",
		"command2": "Examine",
		"type": 1,
		"visibility": 1,
		"height": 192,
		"textureFront": 0,
		"textureBack": 0
	},
	{
		"id": 28,
		"name": "Door",
		"description": "The door is shut",
		"command1": "Open",
		"command2": "Examine",
		"type": 1,
		"visibility": 1,
		"height": 192,
		"textureFront": 0,
		"textureBack": 0
	},
	{
		"id": 29,
		"name": "Door",
		"description": "The door is shut",
		"command1": "Open",
		"command2": "Examine",
		"type": 1,
		"visibility": 1,
		"height": 192,
		"textureFront": 0,
		"textureBack": 0
	},
	{
		"id": 30,
		"name": "Door",
		"description": "The door is shut",
		"command1": "Open",
		"command2": "Examine",
		"type": 1,
		"visibility": 1,
		"height": 192,
		"textureFront": 0,
		"textureBack": 0
	},
	{
		"id": 31,
		"name": "Door",
		"description": "The door is shut",
		"command1": "Open",
		"command2": "Examine",
		"type": 1,
		"visibility": 1,
		"height": 192,
		"textureFront": 0,
		"textureBack": 0
	},
	{
		"id": 32,
		"name": "Door",
		"description": "The door is shut",
		"command1": "Open",
		"command2": "Examine",
		"type": 1,
		"visibility": 1,
		"height": 192,
		"textureFront": 0,
		"textureBack": 0
	},
	{
		"id": 33,
		"name": "Door",
		"description": "The door is shut",
		"command1": "Open",
		"command2": "Examine",
		"type": 1,
		"visibility": 1,
		"height": 192,
		"textureFront": 0,
		"textureBack": 0
	},
	{
		"id": 34,
		"name": "Door",
		"description": "The door is shut",
		"command1": "Open",
		"command2": "Examine",
		"type": 1,
		"visibility": 1,
		"height": 192,
		"textureFront": 0,
		"textureBack": 0
	},
	{
		"id": 35,
		"name": "Window",
		"command1": "WalkTo",
		"command2": "Examine",
		"type": 1,
		"visibility": 0,
		"height": 192,
		"textureFront": 27,
		"textureBack": 27
	},
	{
		"id": 36,
		"name": "Door",
		"description": "The door is shut",
		"command1": "Open",
		"command2": "Examine",
		"type": 1,
		"visibility": 1,
		"height": 192,
		"textureFront": 0,
		"textureBack": 0
	},
	{
		"id": 37,
		"name": "Door",
		"description": "The door is shut",
		"command1": "Open",
		"command2": "Examine",
		"type": 1,
		"visibility": 1,
		"height": 192,
		"textureFront": 0,
		"textureBack": 0
	},
	{
		"id": 38,
		"name": "Door",
		"description": "The door is shut",
		"command1": "Open",
		"command2": "Examine",
		"type": 1,
		"visibility": 1,
		"height": 192,
		"textureFront": 0,
		"textureBack": 0
	},
	{
		"id": 39,
		"name": "Door",
		"description": "The door is shut",
		"command1": "Open",
		"command2": "Examine",
		"type": 1,
		"visibility": 1,
		"height": 192,
		"textureFront": 0,
		"textureBack": 0
	},
	{
		"id": 40,
		"name": "Door",
		"description": "The door is shut",
		"command1": "Open",
		"command2": "Examine",
		"type": 1,
		"visibility": 1,
		"height": 192,
		"textureFront": 0,
		"textureBack": 0
	},
	{
		"id": 41,
		"name": "Door",
		"description": "The door is shut",
		"command1": "Open",
		"command2": "Examine",
		"type": 1,
		"visibility": 1,
		"height": 192,
		"textureFront": 0,
		"textureBack": 0
	},
	{
		"id": 42,
		"name": "Crumbled",
		"command1": "WalkTo",
		"command2": "Examine",
		"type": 1,
		"visibility": 0,
		"height": 192,
		"textureFront": 28,
		"textureBack": 28
	},
	{
		"id": 43,
		"name": "Cavern",
		"command1": "WalkTo",
		"command2": "Examine",
		"type": 1,
		"visibility": 0,
		"height": 192,
		"textureFront": 29,
		"textureBack": 29
	},
	{
		"id": 44,
		"name": "Door",
		"description": "The door is shut",
		"command1": "Open",
		"command2": "Examine",
		"type": 1,
		"visibility": 1,
		"height": 192,
		"textureFront": 0,
		"textureBack": 0
	},
	{
		"id": 45,
		"name": "Door",
		"description": "The door is shut",
		"command1": "Open",
		"command2": "Examine",
		"type": 1,
		"visibility": 1,
		"height": 192,
		"textureFront": 0,
		"textureBack": 0
	},
	{
		"id": 46,
		"name": "Door",
		"description": "The door is shut",
		"command1": "Open",
		"command2": "Examine",
		"type": 1,
		"visibility": 1,
		"height": 192,
		"textureFront": 0,
		"textureBack": 0
	},
	{
		"id": 47,
		"name": "cavern2",
		"command1": "WalkTo",
		"command2": "Examine",
		"type": 1,
		"visibility": 0,
		"height": 192,
		"textureFront": 30,
		"textureBack": 30
	},
	{
		"id": 48,
		"name": "Door",
		"description": "The door is shut",
		"command1": "Open",
		"command2": "Examine",
		"type": 1,
		"visibility": 1,
		"height": 192,
		"textureFront": 0,
		"textureBack": 0
	},
	{
		"id": 49,
		"name": "Door",
		"description": "The door is shut",
		"command1": "Open",
		"command2": "Examine",
		"type": 1,
		"visibility": 1,
		"height": 192,
		"textureFront": 0,
		"textureBack": 0
	},
	{
		"id": 50,
		"name": "Door",
		"description": "The door is shut",
		"command1": "Open",
		"command2": "Examine",
		"type": 1,
		"visibility": 1,
		"height": 192,
		"textureFront": 0,
		"textureBack": 0
	},
	{
		"id": 51,
		"name": "Door",
		"description": "The door is shut",
		"command1": "Open",
		"command2": "Examine",
		"type": 1,
		"visibility": 1,
		"height": 192,
		"textureFront": 0,
		"textureBack": 0
	},
	{
		"id": 52,
		"name": "Door",
		"description": "The door is shut",
		"command1": "Open",
		"command2": "Examine",
		"type": 1,
		"visibility": 1,
		"height": 192,
		"textureFront": 0,
		"textureBack": 0
	},
	{
		"id": 53,
		"name": "Door",
		"description": "The door is shut",
		"command1": "Open",
		"command2": "Examine",
		"type": 1,
		"visibility": 1,
		"height": 192,
		"textureFront": 0,
		"textureBack": 0
	},
	{
		"id": 54,
		"name": "Door",
		"description": "The door is shut",
		"command1": "Open",
		"command2": "Examine",
		"type": 1,
		"visibility": 1,
		"height": 192,
		"textureFront": 0,
		"textureBack": 0
	},
	{
		"id": 55,
		"name": "Door",
		"description": "The door is shut",
		"command1": "Open",
		"command2": "Examine",
		"type": 1,
		"visibility": 1,
		"height": 192,
		"textureFront": 0,
		"textureBack": 0
	},
	{
		"id": 56,
		"name": "Door",
		"description": "The door is shut",
		"command1": "Open",
		"command2": "Examine",
		"type": 1,
		"visibility": 1,
		"height": 192,
		"textureFront": 0,
		"textureBack": 0
	},
	{
		"id": 57,
		"name": "Wall",
		"command1": "WalkTo",
		"command2": "Examine",
		"type": 1,
		"visibility": 0,
		"height": 192,
		"textureFront": 3,
		"textureBack": 3
	},
	{
		"id": 58,
		"name": "Door",
		"description": "The door is shut",
		"command1": "Open",
		"command2": "Examine",
		"type": 1,
		"visibility": 1,
		"height": 192,
		"textureFront": 0,
		"textureBack": 0
	},
	{
		"id": 59,
		"name": "Strange looking wall",
		"description": "This wall doesn't look quite right",
		"command1": "Push",
		"command2": "Examine",
		"type": 1,
		"visibility": 1,
		"height": 192,
		"textureFront": 29,
		"textureBack": 29
	},
	{
		"id": 60,
		"name": "Door",
		"description": "The door is shut",
		"command1": "Open",
		"command2": "Examine",
		"type": 1,
		"visibility": 1,
		"height": 192,
		"textureFront": 0,
		"textureBack": 0
	},
	{
		"id": 61,
		"name": "Door",
		"description": "The door is shut",
		"command1": "Open",
		"command2": "Examine",
		"type": 1,
		"visibility": 1,
		"height": 192,
		"textureFront": 0,
		"textureBack": 0
	},
	{
		"id": 62,
		"name": "Door",
		"description": "The door is shut",
		"command1": "Open",
		"command2": "Examine",
		"type": 1,
		"visibility": 1,
		"height": 192,
		"textureFront": 0,
		"textureBack": 0
	},
	{
		"id": 63,
		"name": "memberrailings",
		"command1": "WalkTo",
		"command2": "Examine",
		"type": 1,
		"visibility": 0,
		"height": 192,
		"textureFront": 12,
		"textureBack": 12
	},
	{
		"id": 64,
		"name": "Door",
		"description": "The door is shut",
		"command1": "Open",
		"command2": "Examine",
		"type": 1,
		"visibility": 1,
		"height": 192,
		"textureFront": 0,
		"textureBack": 0
	},
	{
		"id": 65,
		"name": "Door",
		"description": "The door is shut",
		"command1": "Open",
		"command2": "Examine",
		"type": 1,
		"visibility": 1,
		"height": 192,
		"textureFront": 0,
		"textureBack": 0
	},
	{
		"id": 66,
		"name": "Magic Door",
		"description": "The door is shut",
		"command1": "Open",
		"command2": "Examine",
		"type": 1,
		"visibility": 1,
		"height": 192,
		"textureFront": 0,
		"textureBack": 0
	},
	{
		"id": 67,
		"name": "Door",
		"description": "The door is shut",
		"command1": "Open",
		"command2": "Examine",
		"type": 1,
		"visibility": 1,
		"height": 192,
		"textureFront": 0,
		"textureBack": 0
	},
	{
		"id": 68,
		"name": "Door",
		"description": "The door is shut",
		"command1": "Open",
		"command2": "Examine",
		"type": 1,
		"visibility": 1,
		"height": 192,
		"textureFront": 0,
		"textureBack": 0
	},
	{
		"id": 69,
		"name": "Door",
		"description": "The door is shut",
		"command1": "Open",
		"command2": "Examine",
		"type": 1,
		"visibility": 1,
		"height": 192,
		"textureFront": 0,
		"textureBack": 0
	},
	{
		"id": 70,
		"name": "Door",
		"description": "The door is shut",
		"command1": "Open",
		"command2": "Examine",
		"type": 1,
		"visibility": 1,
		"height": 192,
		"textureFront": 0,
		"textureBack": 0
	},
	{
		"id": 71,
		"name": "Door",
		"description": "The door is shut",
		"command1": "Open",
		"command2": "Examine",
		"type": 1,
		"visibility": 1,
		"height": 192,
		"textureFront": 0,
		"textureBack": 0
	},
	{
		"id": 72,
		"name": "Door",
		"description": "The door is shut",
		"command1": "Open",
		"command2": "Examine",
		"type": 1,
		"visibility": 1,
		"height": 192,
		"textureFront": 0,
		"textureBack": 0
	},
	{
		"id": 73,
		"name": "Door",
		"description": "The door is shut",
		"command1": "Open",
		"command2": "Examine",
		"type": 1,
		"visibility": 1,
		"height": 192,
		"textureFront": 0,
		"textureBack": 0
	},
	{
		"id": 74,
		"name": "Door",
		"description": "The door is shut",
		"command1": "Open",
		"command2": "Examine",
		"type": 1,
		"visibility": 1,
		"height": 192,
		"textureFront": 0,
		"textureBack": 0
	},
	{
		"id": 75,
		"name": "Door",
		"description": "The door is shut",
		"command1": "Open",
		"command2": "Examine",
		"type": 1,
		"visibility": 1,
		"height": 192,
		"textureFront": 0,
		"textureBack": 0
	},
	{
		"id": 76,
		"name": "Door",
		"description": "The door is shut",
		"command1": "Open",
		"command2": "Examine",
		"type": 1,
		"visibility": 1,
		"height": 192,
		"textureFront": 0,
		"textureBack": 0
	},
	{
		"id": 77,
		"name": "Door",
		"description": "The door is shut",
		"command1": "Open",
		"command2": "Examine",
		"type": 1,
		"visibility": 1,
		"height": 192,
		"textureFront": 0,
		"textureBack": 0
	},
	{
		"id": 78,
		"name": "Door",
		"description": "The door is shut",
		"command1": "Open",
		"command2": "Examine",
		"type": 1,
		"visibility": 1,
		"height": 192,
		"textureFront": 0,
		"textureBack": 0
	},
	{
		"id": 79,
		"name": "Door",
		"description": "The door is shut",
		"command1": "Open",
		"command2": "Examine",
		"type": 1,
		"visibility": 1,
		"height": 192,
		"textureFront": 0,
		"textureBack": 0
	},
	{
		"id": 80,
		"name": "Strange Panel",
		"description": "This wall doesn't look quite right",
		"command1": "Push",
		"command2": "Examine",
		"type": 1,
		"visibility": 1,
		"height": 192,
		"textureFront": 21,
		"textureBack": 21
	},
	{
		"id": 81,
		"name": "Door",
		"description": "The door is shut",
		"command1": "Open",
		"command2": "Examine",
		"type": 1,
		"visibility": 1,
		"height": 192,
		"textureFront": 0,
		"textureBack": 0
	},
	{
		"id": 82,
		"name": "Door",
		"description": "The door is shut",
		"command1": "Open",
		"command2": "Examine",
		"type": 1,
		"visibility": 1,
		"height": 192,
		"textureFront": 0,
		"textureBack": 0
	},
	{
		"id": 83,
		"name": "Door",
		"description": "The door is shut",
		"command1": "Open",
		"command2": "Examine",
		"type": 1,
		"visibility": 1,
		"height": 192,
		"textureFront": 0,
		"textureBack": 0
	},
	{
		"id": 84,
		"name": "Door",
		"description": "The door is shut",
		"command1": "Open",
		"command2": "Examine",
		"type": 1,
		"visibility": 1,
		"height": 192,
		"textureFront": 0,
		"textureBack": 0
	},
	{
		"id": 85,
		"name": "Door",
		"description": "The door is shut",
		"command1": "Open",
		"command2": "Examine",
		"type": 1,
		"visibility": 1,
		"height": 192,
		"textureFront": 0,
		"textureBack": 0
	},
	{
		"id": 86,
		"name": "Door",
		"description": "The door is shut",
		"command1": "Open",
		"command2": "Examine",
		"type": 1,
		"visibility": 1,
		"height": 192,
		"textureFront": 0,
		"textureBack": 0
	},
	{
		"id": 87,
		"name": "blockblank",
		"command1": "WalkTo",
		"command2": "Examine",
		"type": 1,
		"visibility": 0,
		"height": 192,
		"textureFront": 12345678,
		"textureBack": 12345678
	},
	{
		"id": 88,
		"name": "unusual looking wall",
		"description": "This wall doesn't look quite right",
		"command1": "Push",
		"command2": "Examine",
		"type": 1,
		"visibility": 1,
		"height": 192,
		"textureFront": 2,
		"textureBack": 2
	},
	{
		"id": 89,
		"name": "Door",
		"description": "The door is shut",
		"command1": "Open",
		"command2": "Examine",
		"type": 1,
		"visibility": 1,
		"height": 192,
		"textureFront": 0,
		"textureBack": 0
	},
	{
		"id": 90,
		"name": "Door",
		"description": "The door is shut",
		"command1": "Open",
		"command2": "Examine",
		"type": 1,
		"visibility": 1,
		"height": 192,
		"textureFront": 0,
		"textureBack": 0
	},
	{
		"id": 91,
		"name": "Door",
		"description": "The door is shut",
		"command1": "Open",
		"command2": "Examine",
		"type": 1,
		"visibility": 1,
		"height": 192,
		"textureFront": 0,
		"textureBack": 0
	},
	{
		"id": 92,
		"name": "Door",
		"description": "The door is shut",
		"command1": "Open",
		"command2": "Examine",
		"type": 1,
		"visibility": 1,
		"height": 192,
		"textureFront": 0,
		"textureBack": 0
	},
	{
		"id": 93,
		"name": "Door",
		"description": "The door is shut",
		"command1": "Open",
		"command2": "Examine",
		"type": 1,
		"visibility": 1,
		"height": 192,
		"textureFront": 0,
		"textureBack": 0
	},
	{
		"id": 94,
		"name": "Door",
		"description": "The door is shut",
		"command1": "Open",
		"command2": "Pick lock",
		"type": 1,
		"visibility": 1,
		"height": 192,
		"textureFront": 0,
		"textureBack": 0
	},
	{
		"id": 95,
		"name": "Door",
		"description": "The door is shut",
		"command1": "Open",
		"command2": "Pick lock",
		"type": 1,
		"visibility": 1,
		"height": 192,
		"textureFront": 0,
		"textureBack": 0
	},
	{
		"id": 96,
		"name": "Door",
		"description": "The door is shut",
		"command1": "Open",
		"command2": "Pick lock",
		"type": 1,
		"visibility": 1,
		"height": 192,
		"textureFront": 0,
		"textureBack": 0
	},
	{
		"id": 97,
		"name": "Door",
		"description": "The door is shut",
		"command1": "Open",
		"command2": "Pick lock",
		"type": 1,
		"visibility": 1,
		"height": 192,
		"textureFront": 0,
		"textureBack": 0
	},
	{
		"id": 98,
		"name": "Door",
		"description": "The door is shut",
		"command1": "Open",
		"command2": "Pick lock",
		"type": 1,
		"visibility": 1,
		"height": 192,
		"textureFront": 0,
		"textureBack": 0
	},
	{
		"id": 99,
		"name": "Door",
		"description": "The door is shut",
		"command1": "Open",
		"command2": "Examine",
		"type": 1,
		"visibility": 1,
		"height": 192,
		"textureFront": 0,
		"textureBack": 0
	},
	{
		"id": 100,
		"name": "Door",
		"description": "The door is shut",
		"command1": "Open",
		"command2": "Pick Lock",
		"type": 1,
		"visibility": 1,
		"height": 192,
		"textureFront": 0,
		"textureBack": 0
	},
	{
		"id": 101,
		"name": "Door",
		"description": "The door is shut",
		"command1": "Open",
		"command2": "Pick lock",
		"type": 1,
		"visibility": 1,
		"height": 192,
		"textureFront": 0,
		"textureBack": 0
	},
	{
		"id": 102,
		"name": "Fence with loose pannels",
		"description": "I wonder if I could get through this",
		"command1": "push",
		"command2": "Examine",
		"type": 1,
		"visibility": 1,
		"height": 192,
		"textureFront": 10,
		"textureBack": 10
	},
	{
		"id": 103,
		"name": "Door",
		"description": "The door is shut",
		"command1": "Open",
		"command2": "Examine",
		"type": 1,
		"visibility": 1,
		"height": 192,
		"textureFront": 0,
		"textureBack": 0
	},
	{
		"id": 104,
		"name": "Door",
		"description": "The door is shut",
		"command1": "Open",
		"command2": "Examine",
		"type": 1,
		"visibility": 1,
		"height": 192,
		"textureFront": 0,
		"textureBack": 0
	},
	{
		"id": 105,
		"name": "Door",
		"description": "The door is shut",
		"command1": "Open",
		"command2": "Examine",
		"type": 1,
		"visibility": 1,
		"height": 192,
		"textureFront": 0,
		"textureBack": 0
	},
	{
		"id": 106,
		"name": "Door",
		"description": "The door is shut",
		"command1": "Open",
		"command2": "Examine",
		"type": 1,
		"visibility": 1,
		"height": 192,
		"textureFront": 0,
		"textureBack": 0
	},
	{
		"id": 107,
		"name": "Door",
		"description": "The door is shut",
		"command1": "Open",
		"command2": "Examine",
		"type": 1,
		"visibility": 1,
		"height": 192,
		"textureFront": 0,
		"textureBack": 0
	},
	{
		"id": 108,
		"name": "Door",
		"description": "The door is shut",
		"command1": "Open",
		"command2": "Examine",
		"type": 1,
		"visibility": 1,
		"height": 192,
		"textureFront": 0,
		"textureBack": 0
	},
	{
		"id": 109,
		"name": "Door",
		"description": "The door is shut",
		"command1": "Open",
		"command2": "Examine",
		"type": 1,
		"visibility": 1,
		"height": 192,
		"textureFront": 0,
		"textureBack": 0
	},
	{
		"id": 110,
		"name": "Door",
		"description": "The door is shut",
		"command1": "Open",
		"command2": "Examine",
		"type": 1,
		"visibility": 1,
		"height": 192,
		"textureFront": 0,
		"textureBack": 0
	},
	{
		"id": 111,
		"name": "Door",
		"description": "The door is shut",
		"command1": "Open",
		"command2": "Examine",
		"type": 1,
		"visibility": 1,
		"height": 192,
		"textureFront": 0,
		"textureBack": 0
	},
	{
		"id": 112,
		"name": "rat cage",
		"description": "The rat's have damaged the bars",
		"command1": "search",
		"command2": "Examine",
		"type": 1,
		"visibility": 1,
		"height": 192,
		"textureFront": 12,
		"textureBack": 12
	},
	{
		"id": 113,
		"name": "Door",
		"description": "The door is shut",
		"command1": "Open",
		"command2": "Examine",
		"type": 1,
		"visibility": 1,
		"height": 192,
		"textureFront": 0,
		"textureBack": 0
	},
	{
		"id": 114,
		"name": "Door",
		"description": "The door is shut",
		"command1": "Open",
		"command2": "Examine",
		"type": 1,
		"visibility": 1,
		"height": 192,
		"textureFront": 0,
		"textureBack": 0
	},
	{
		"id": 115,
		"name": "Door",
		"description": "The door is shut",
		"command1": "Open",
		"command2": "Examine",
		"type": 1,
		"visibility": 1,
		"height": 192,
		"textureFront": 0,
		"textureBack": 0
	},
	{
		"id": 116,
		"name": "Door",
		"description": "The door is shut",
		"command1": "Open",
		"command2": "Examine",
		"type": 1,
		"visibility": 1,
		"height": 192,
		"textureFront": 0,
		"textureBack": 0
	},
	{
		"id": 117,
		"name": "Door",
		"description": "The door is shut",
		"command1": "Open",
		"command2": "Examine",
		"type": 1,
		"visibility": 1,
		"height": 192,
		"textureFront": 0,
		"textureBack": 0
	},
	{
		"id": 118,
		"name": "Door",
		"description": "The door is shut",
		"command1": "Open",
		"command2": "Examine",
		"type": 1,
		"visibility": 1,
		"height": 192,
		"textureFront": 0,
		"textureBack": 0
	},
	{
		"id": 119,
		"name": "arrowslit",
		"command1": "WalkTo",
		"command2": "Examine",
		"type": 1,
		"visibility": 0,
		"height": 192,
		"textureFront": 44,
		"textureBack": 44
	},
	{
		"id": 120,
		"name": "solidblank",
		"command1": "WalkTo",
		"command2": "Examine",
		"type": 1,
		"visibility": 0,
		"height": 192,
		"textureFront": 12345678,
		"textureBack": 12345678
	},
	{
		"id": 121,
		"name": "Door",
		"description": "The door is shut",
		"command1": "Open",
		"command2": "Examine",
		"type": 1,
		"visibility": 1,
		"height": 192,
		"textureFront": 0,
		"textureBack": 0
	},
	{
		"id": 122,
		"name": "Door",
		"description": "The door is shut",
		"command1": "Open",
		"command2": "Examine",
		"type": 1,
		"visibility": 1,
		"height": 192,
		"textureFront": 0,
		"textureBack": 0
	},
	{
		"id": 123,
		"name": "Door",
		"description": "The door is shut",
		"command1": "Open",
		"command2": "Examine",
		"type": 1,
		"visibility": 1,
		"height": 192,
		"textureFront": 0,
		"textureBack": 0
	},
	{
		"id": 124,
		"name": "Door",
		"description": "The door is shut",
		"command1": "Open",
		"command2": "Examine",
		"type": 1,
		"visibility": 1,
		"height": 192,
		"textureFront": 0,
		"textureBack": 0
	},
	{
		"id": 125,
		"name": "loose panel",
		"description": "The panel has worn with age",
		"command1": "break",
		"command2": "Examine",
		"type": 1,
		"visibility": 1,
		"height": 192,
		"textureFront": 3,
		"textureBack": 3
	},
	{
		"id": 126,
		"name": "Door",
		"description": "The door is shut",
		"command1": "Open",
		"command2": "Examine",
		"type": 1,
		"visibility": 1,
		"height": 192,
		"textureFront": 0,
		"textureBack": 0
	},
	{
		"id": 127,
		"name": "plankswindow",
		"command1": "WalkTo",
		"command2": "Examine",
		"type": 1,
		"visibility": 0,
		"height": 192,
		"textureFront": 45,
		"textureBack": 45
	},
	{
		"id": 128,
		"name": "Low Fence",
		"command1": "WalkTo",
		"command2": "Examine",
		"type": 1,
		"visibility": 0,
		"height": 96,
		"textureFront": 10,
		"textureBack": 10
	},
	{
		"id": 129,
		"name": "Door",
		"description": "The door is shut",
		"command1": "Open",
		"command2": "Examine",
		"type": 1,
		"visibility": 1,
		"height": 192,
		"textureFront": 0,
		"textureBack": 0
	},
	{
		"id": 130,
		"name": "Door",
		"description": "The door is shut",
		"command1": "Open",
		"command2": "Examine",
		"type": 1,
		"visibility": 1,
		"height": 192,
		"textureFront": 0,
		"textureBack": 0
	},
	{
		"id": 131,
		"name": "Door",
		"description": "The door is shut",
		"command1": "Open",
		"command2": "Examine",
		"type": 1,
		"visibility": 1,
		"height": 192,
		"textureFront": 0,
		"textureBack": 0
	},
	{
		"id": 132,
		"name": "Door",
		"description": "The door is shut",
		"command1": "Open",
		"command2": "Examine",
		"type": 1,
		"visibility": 1,
		"height": 192,
		"textureFront": 0,
		"textureBack": 0
	},
	{
		"id": 133,
		"name": "Door",
		"description": "The door is shut",
		"command1": "Open",
		"command2": "Examine",
		"type": 1,
		"visibility": 1,
		"height": 192,
		"textureFront": 0,
		"textureBack": 0
	},
	{
		"id": 134,
		"name": "Door",
		"description": "The door is shut",
		"command1": "Open",
		"command2": "Examine",
		"type": 1,
		"visibility": 1,
		"height": 192,
		"textureFront": 0,
		"textureBack": 0
	},
	{
		"id": 135,
		"name": "Door",
		"description": "The door is shut",
		"command1": "Open",
		"command2": "Examine",
		"type": 1,
		"visibility": 1,
		"height": 192,
		"textureFront": 0,
		"textureBack": 0
	},
	{
		"id": 136,
		"name": "Door",
		"description": "The door is shut",
		"command1": "Open",
		"command2": "Examine",
		"type": 1,
		"visibility": 1,
		"height": 192,
		"textureFront": 0,
		"textureBack": 0
	},
	{
		"id": 137,
		"name": "Door",
		"description": "The door is shut",
		"command1": "Open",
		"command2": "Examine",
		"type": 1,
		"visibility": 1,
		"height": 192,
		"textureFront": 0,
		"textureBack": 0
	},
	{
		"id": 138,
		"name": "Cooking pot",
		"description": "Smells good!",
		"command1": "WalkTo",
		"command2": "Examine",
		"type": 1,
		"visibility": 1,
		"height": 96,
		"textureFront": 10,
		"textureBack": 10
	},
	{
		"id": 139,
		"name": "Door",
		"description": "The door is shut",
		"command1": "Open",
		"command2": "Examine",
		"type": 1,
		"visibility": 1,
		"height": 192,
		"textureFront": 0,
		"textureBack": 0
	},
	{
		"id": 140,
		"name": "Door",
		"description": "The door is shut",
		"command1": "Open",
		"command2": "Examine",
		"type": 1,
		"visibility": 1,
		"height": 192,
		"textureFront": 0,
		"textureBack": 0
	},
	{
		"id": 141,
		"name": "Door",
		"description": "The door is shut",
		"command1": "Open",
		"command2": "Examine",
		"type": 1,
		"visibility": 1,
		"height": 192,
		"textureFront": 0,
		"textureBack": 0
	},
	{
		"id": 142,
		"name": "Door",
		"description": "The door is shut",
		"command1": "Open",
		"command2": "Examine",
		"type": 1,
		"visibility": 1,
		"height": 192,
		"textureFront": 0,
		"textureBack": 0
	},
	{
		"id": 143,
		"name": "Door",
		"description": "The door is shut",
		"command1": "Open",
		"command2": "Examine",
		"type": 1,
		"visibility": 1,
		"height": 192,
		"textureFront": 0,
		"textureBack": 0
	},
	{
		"id": 144,
		"name": "Door",
		"description": "The door is shut",
		"command1": "Open",
		"command2": "Examine",
		"type": 1,
		"visibility": 1,
		"height": 192,
		"textureFront": 0,
		"textureBack": 0
	},
	{
		"id": 145,
		"name": "plankstimber",
		"command1": "WalkTo",
		"command2": "Examine",
		"type": 1,
		"visibility": 0,
		"height": 192,
		"textureFront": 46,
		"textureBack": 46
	},
	{
		"id": 146,
		"name": "Door",
		"description": "The door is shut",
		"command1": "Open",
		"command2": "Examine",
		"type": 1,
		"visibility": 1,
		"height": 192,
		"textureFront": 0,
		"textureBack": 0
	},
	{
		"id": 147,
		"name": "Door",
		"description": "The door is shut",
		"command1": "Open",
		"command2": "Examine",
		"type": 1,
		"visibility": 1,
		"height": 192,
		"textureFront": 0,
		"textureBack": 0
	},
	{
		"id": 148,
		"name": "magic portal",
		"description": "I wonder where this will take me",
		"command1": "enter",
		"command2": "Examine",
		"type": 1,
		"visibility": 1,
		"height": 192,
		"textureFront": 17,
		"textureBack": 17
	},
	{
		"id": 149,
		"name": "magic portal",
		"description": "I wonder where this will take me",
		"command1": "enter",
		"command2": "Examine",
		"type": 1,
		"visibility": 1,
		"height": 192,
		"textureFront": 17,
		"textureBack": 17
	},
	{
		"id": 150,
		"name": "magic portal",
		"description": "I wonder where this will take me",
		"command1": "enter",
		"command2": "Examine",
		"type": 1,
		"visibility": 1,
		"height": 192,
		"textureFront": 17,
		"textureBack": 17
	},
	{
		"id": 151,
		"name": "Door",
		"description": "The door is shut",
		"command1": "Open",
		"command2": "Examine",
		"type": 1,
		"visibility": 1,
		"height": 192,
		"textureFront": 0,
		"textureBack": 0
	},
	{
		"id": 152,
		"name": "Cavern wall",
		"description": "It looks as if it is covered in some fungus.",
		"command1": "WalkTo",
		"command2": "search",
		"type": 1,
		"visibility": 1,
		"height": 192,
		"textureFront": 29,
		"textureBack": 29
	},
	{
		"id": 153,
		"name": "Door",
		"description": "The door is shut",
		"command1": "Open",
		"command2": "Examine",
		"type": 1,
		"visibility": 1,
		"height": 192,
		"textureFront": 0,
		"textureBack": 0
	},
	{
		"id": 154,
		"name": "Door",
		"description": "the door is shut",
		"command1": "walk through",
		"command2": "Examine",
		"type": 1,
		"visibility": 1,
		"height": 192,
		"textureFront": 3,
		"textureBack": 3
	},
	{
		"id": 155,
		"name": "Door",
		"description": "The door is shut",
		"command1": "walk through",
		"command2": "Examine",
		"type": 1,
		"visibility": 1,
		"height": 192,
		"textureFront": 0,
		"textureBack": 0
	},
	{
		"id": 156,
		"name": "Door",
		"description": "The door is shut",
		"command1": "walk through",
		"command2": "Examine",
		"type": 1,
		"visibility": 1,
		"height": 192,
		"textureFront": 0,
		"textureBack": 0
	},
	{
		"id": 157,
		"name": "Door",
		"description": "The door is shut",
		"command1": "walk through",
		"command2": "Examine",
		"type": 1,
		"visibility": 1,
		"height": 192,
		"textureFront": 0,
		"textureBack": 0
	},
	{
		"id": 158,
		"name": "Door",
		"description": "The door is shut",
		"command1": "walk through",
		"command2": "Examine",
		"type": 1,
		"visibility": 1,
		"height": 192,
		"textureFront": 0,
		"textureBack": 0
	},
	{
		"id": 159,
		"name": "Door",
		"description": "The door is shut",
		"command1": "walk through",
		"command2": "Examine",
		"type": 1,
		"visibility": 1,
		"height": 192,
		"textureFront": 0,
		"textureBack": 0
	},
	{
		"id": 160,
		"name": "Door",
		"description": "The door is shut",
		"command1": "walk through",
		"command2": "Examine",
		"type": 1,
		"visibility": 1,
		"height": 192,
		"textureFront": 0,
		"textureBack": 0
	},
	{
		"id": 161,
		"name": "Door",
		"description": "The door is shut",
		"command1": "walk through",
		"command2": "Examine",
		"type": 1,
		"visibility": 1,
		"height": 192,
		"textureFront": 0,
		"textureBack": 0
	},
	{
		"id": 162,
		"name": "Door",
		"description": "The door is shut",
		"command1": "Open",
		"command2": "Examine",
		"type": 1,
		"visibility": 1,
		"height": 192,
		"textureFront": 0,
		"textureBack": 0
	},
	{
		"id": 163,
		"name": "Door",
		"description": "The door is shut",
		"command1": "Open",
		"command2": "Pick Lock",
		"type": 1,
		"visibility": 1,
		"height": 192,
		"textureFront": 0,
		"textureBack": 0
	},
	{
		"id": 164,
		"name": "Low wall",
		"command1": "jump",
		"command2": "Examine",
		"type": 1,
		"visibility": 1,
		"height": 70,
		"textureFront": 2,
		"textureBack": 2
	},
	{
		"id": 165,
		"name": "Low wall",
		"command1": "jump",
		"command2": "Examine",
		"type": 1,
		"visibility": 1,
		"height": 70,
		"textureFront": 2,
		"textureBack": 2
	},
	{
		"id": 166,
		"name": "Blacksmiths Door",
		"description": "The door is shut",
		"command1": "Open",
		"command2": "Examine",
		"type": 1,
		"visibility": 1,
		"height": 192,
		"textureFront": 0,
		"textureBack": 0
	},
	{
		"id": 167,
		"name": "railings",
		"command1": "pick lock",
		"command2": "Examine",
		"type": 1,
		"visibility": 1,
		"height": 192,
		"textureFront": 12,
		"textureBack": 12
	},
	{
		"id": 168,
		"name": "railings",
		"command1": "pick lock",
		"command2": "Examine",
		"type": 1,
		"visibility": 1,
		"height": 192,
		"textureFront": 12,
		"textureBack": 12
	},
	{
		"id": 169,
		"name": "railings",
		"command1": "pick lock",
		"command2": "search",
		"type": 1,
		"visibility": 1,
		"height": 192,
		"textureFront": 12,
		"textureBack": 12
	},
	{
		"id": 170,
		"name": "railings",
		"command1": "pick lock",
		"command2": "search",
		"type": 1,
		"visibility": 1,
		"height": 192,
		"textureFront": 12,
		"textureBack": 12
	},
	{
		"id": 171,
		"name": "railings",
		"command1": "pick lock",
		"command2": "search",
		"type": 1,
		"visibility": 1,
		"height": 192,
		"textureFront": 12,
		"textureBack": 12
	},
	{
		"id": 172,
		"name": "railings",
		"command1": "WalkTo",
		"command2": "search",
		"type": 1,
		"visibility": 1,
		"height": 192,
		"textureFront": 12,
		"textureBack": 12
	},
	{
		"id": 173,
		"name": "railings",
		"command1": "WalkTo",
		"command2": "look through",
		"type": 1,
		"visibility": 1,
		"height": 192,
		"textureFront": 12,
		"textureBack": 12
	},
	{
		"id": 174,
		"name": "Door",
		"description": "The door is shut",
		"command1": "Open",
		"command2": "knock on",
		"type": 1,
		"visibility": 1,
		"height": 192,
		"textureFront": 0,
		"textureBack": 0
	},
	{
		"id": 175,
		"name": "Doorframe",
		"command1": "WalkTo",
		"command2": "Close",
		"type": 1,
		"visibility": 1,
		"height": 192,
		"textureFront": 4,
		"textureBack": 4
	},
	{
		"id": 176,
		"name": "Tent",
		"command1": "WalkTo",
		"command2": "Examine",
		"type": 1,
		"visibility": 0,
		"height": 192,
		"textureFront": 36,
		"textureBack": 36
	},
	{
		"id": 177,
		"name": "Jail Door",
		"description": "The door is shut",
		"command1": "Open",
		"command2": "Examine",
		"type": 1,
		"visibility": 1,
		"height": 192,
		"textureFront": 0,
		"textureBack": 0
	},
	{
		"id": 178,
		"name": "Jail Door",
		"description": "The door is shut",
		"command1": "Open",
		"command2": "Examine",
		"type": 1,
		"visibility": 1,
		"height": 192,
		"textureFront": 0,
		"textureBack": 0
	},
	{
		"id": 179,
		"name": "Window",
		"description": "A barred window",
		"command1": "WalkTo",
		"command2": "Search",
		"type": 1,
		"visibility": 1,
		"height": 192,
		"textureFront": 27,
		"textureBack": 27
	},
	{
		"id": 180,
		"name": "magic portal",
		"description": "A magical barrier shimmers with power",
		"command1": "WalkTo",
		"command2": "Examine",
		"type": 1,
		"visibility": 1,
		"height": 192,
		"textureFront": 17,
		"textureBack": 17
	},
	{
		"id": 181,
		"name": "Jail Door",
		"description": "A solid iron gate",
		"command1": "Open",
		"command2": "Examine",
		"type": 1,
		"visibility": 1,
		"height": 192,
		"textureFront": 12,
		"textureBack": 12
	},
	{
		"id": 182,
		"name": "railings",
		"command1": "WalkTo",
		"command2": "search",
		"type": 1,
		"visibility": 1,
		"height": 192,
		"textureFront": 12,
		"textureBack": 12
	},
	{
		"id": 183,
		"name": "railings",
		"command1": "WalkTo",
		"command2": "search",
		"type": 1,
		"visibility": 1,
		"height": 192,
		"textureFront": 12,
		"textureBack": 12
	},
	{
		"id": 184,
		"name": "railings",
		"command1": "WalkTo",
		"command2": "search",
		"type": 1,
		"visibility": 1,
		"height": 192,
		"textureFront": 12,
		"textureBack": 12
	},
	{
		"id": 185,
		"name": "railings",
		"command1": "WalkTo",
		"command2": "search",
		"type": 1,
		"visibility": 1,
		"height": 192,
		"textureFront": 12,
		"textureBack": 12
	},
	{
		"id": 186,
		"name": "railings",
		"command1": "WalkTo",
		"command2": "search",
		"type": 1,
		"visibility": 1,
		"height": 192,
		"textureFront": 12,
		"textureBack": 12
	},
	{
		"id": 187,
		"name": "railings",
		"command1": "WalkTo",
		"command2": "search",
		"type": 1,
		"visibility": 1,
		"height": 192,
		"textureFront": 12,
		"textureBack": 12
	},
	{
		"id": 188,
		"name": "Cave exit",
		"description": "The way out",
		"command1": "Leave",
		"command2": "Examine",
		"type": 0,
		"visibility": 1,
		"height": 192,
		"textureFront": 26,
		"textureBack": 26
	},
	{
		"id": 189,
		"name": "Cave exit",
		"description": "The way out",
		"command1": "Leave",
		"command2": "Examine",
		"type": 0,
		"visibility": 1,
		"height": 192,
		"textureFront": 26,
		"textureBack": 26
	},
	{
		"id": 190,
		"name": "Cave exit",
		"description": "The way out",
		"command1": "Leave",
		"command2": "Examine",
		"type": 0,
		"visibility": 1,
		"height": 192,
		"textureFront": 26,
		"textureBack": 26
	},
	{
		"id": 191,
		"name": "Cave exit",
		"description": "The way out",
		"command1": "Leave",
		"command2": "Examine",
		"type": 0,
		"visibility": 1,
		"height": 192,
		"textureFront": 26,
		"textureBack": 26
	},
	{
		"id": 192,
		"name": "Cave exit",
		"description": "The way out",
		"command1": "Leave",
		"command2": "Examine",
		"type": 0,
		"visibility": 1,
		"height": 192,
		"textureFront": 26,
		"textureBack": 26
	},
	{
		"id": 193,
		"name": "Cave exit",
		"description": "The way out",
		"command1": "Leave",
		"command2": "Examine",
		"type": 0,
		"visibility": 1,
		"height": 192,
		"textureFront": 26,
		"textureBack": 26
	},
	{
		"id": 194,
		"name": "railings",
		"command1": "WalkTo",
		"command2": "search",
		"type": 1,
		"visibility": 1,
		"height": 192,
		"textureFront": 12,
		"textureBack": 12
	},
	{
		"id": 195,
		"name": "Door",
		"description": "The door is shut",
		"command1": "Open",
		"command2": "Examine",
		"type": 1,
		"visibility": 1,
		"height": 192,
		"textureFront": 0,
		"textureBack": 0
	},
	{
		"id": 196,
		"name": "battlement",
		"description": "This is blocking your path",
		"command1": "Climb-over",
		"command2": "Examine",
		"type": 1,
		"visibility": 1,
		"height": 70,
		"textureFront": 2,
		"textureBack": 2
	},
	{
		"id": 197,
		"name": "Tent Door",
		"description": "An entrance into the tent",
		"command1": "Go through",
		"command2": "Examine",
		"type": 1,
		"visibility": 1,
		"height": 192,
		"textureFront": 50,
		"textureBack": 50
	},
	{
		"id": 198,
		"name": "Door",
		"description": "The door is shut",
		"command1": "Open",
		"command2": "Examine",
		"type": 1,
		"visibility": 1,
		"height": 192,
		"textureFront": 0,
		"textureBack": 0
	},
	{
		"id": 199,
		"name": "Tent Door",
		"description": "An entrance into the tent",
		"command1": "Go through",
		"command2": "Examine",
		"type": 1,
		"visibility": 1,
		"height": 192,
		"textureFront": 50,
		"textureBack": 50
	},
	{
		"id": 200,
		"name": "Low Fence",
		"description": "A damaged wooden fence",
		"command1": "search",
		"command2": "Examine",
		"type": 1,
		"visibility": 1,
		"height": 96,
		"textureFront": 10,
		"textureBack": 10
	},
	{
		"id": 201,
		"name": "Sturdy Iron Gate",
		"description": "A solid iron gate",
		"command1": "Open",
		"command2": "Examine",
		"type": 1,
		"visibility": 1,
		"height": 192,
		"textureFront": 12,
		"textureBack": 12
	},
	{
		"id": 202,
		"name": "battlement",
		"description": "this low wall blocks your path",
		"command1": "climb over",
		"command2": "Examine",
		"type": 1,
		"visibility": 1,
		"height": 70,
		"textureFront": 2,
		"textureBack": 2
	},
	{
		"id": 203,
		"name": "Water",
		"description": "My waterfall boundary!",
		"command1": "WalkTo",
		"command2": "Examine",
		"type": 1,
		"visibility": 0,
		"height": 192,
		"textureFront": 25,
		"textureBack": 25
	},
	{
		"id": 204,
		"name": "Wheat",
		"description": "Test Boundary!",
		"command1": "WalkTo",
		"command2": "Examine",
		"type": 1,
		"visibility": 0,
		"height": 192,
		"textureFront": 24,
		"textureBack": 24
	},
	{
		"id": 205,
		"name": "Jungle",
		"description": "Thick inpenetrable jungle",
		"command1": "Chop",
		"command2": "Examine",
		"type": 1,
		"visibility": 1,
		"height": 192,
		"textureFront": 8,
		"textureBack": 8
	},
	{
		"id": 206,
		"name": "Window",
		"description": "you can see a vicious looking guard dog right outside",
		"command1": "Investigate",
		"command2": "Examine",
		"type": 1,
		"visibility": 1,
		"height": 192,
		"textureFront": 5,
		"textureBack": 5
	},
	{
		"id": 207,
		"name": "Rut",
		"description": "Looks like a small rut carved into the ground.",
		"command1": "WalkTo",
		"command2": "Search",
		"type": 1,
		"visibility": 0,
		"height": 96,
		"textureFront": 51,
		"textureBack": 51
	},
	{
		"id": 208,
		"name": "Crumbled Cavern 1",
		"command1": "WalkTo",
		"command2": "Examine",
		"type": 0,
		"visibility": 0,
		"height": 192,
		"textureFront": 52,
		"textureBack": 52
	},
	{
		"id": 209,
		"name": "Crumbled Cavern 2",
		"command1": "WalkTo",
		"command2": "Examine",
		"type": 0,
		"visibility": 0,
		"height": 192,
		"textureFront": 53,
		"textureBack": 53
	},
	{
		"id": 210,
		"name": "cavernhole",
		"command1": "WalkTo",
		"command2": "Examine",
		"type": 1,
		"visibility": 0,
		"height": 192,
		"textureFront": 54,
		"textureBack": 54
	},
	{
		"id": 211,
		"name": "flamewall",
		"description": "A supernatural fire of incredible intensity",
		"command1": "Touch",
		"command2": "Investigate",
		"type": 1,
		"visibility": 1,
		"height": 192,
		"textureFront": 54,
		"textureBack": 54
	},
	{
		"id": 212,
		"name": "Ruined wall",
		"description": "Some ancient wall structure - it doesn't look too high.",
		"command1": "WalkTo",
		"command2": "Jump",
		"type": 1,
		"visibility": 1,
		"height": 192,
		"textureFront": 28,
		"textureBack": 28
	},
	{
		"id": 213,
		"name": "Ancient Wall",
		"description": "An ancient - slightly higher wall with some strange markings on it",
		"command1": "Use",
		"command2": "Search",
		"type": 1,
		"visibility": 1,
		"height": 275,
		"textureFront": 2,
		"textureBack": 2
	},
	{
		"id": 214,
		"name": "Door",
		"description": "The door is shut",
		"command1": "Open",
		"command2": "Examine",
		"type": 1,
		"visibility": 1,
		"height": 192,
		"textureFront": 0,
		"textureBack": 0
	}
]