{
  "551": 7,
  "1102": 19,
  "1103": 8,
  "546": 20,
  "555": 13,
  "553": 6,
  "258": 3,
  "259": 4,
  "257": 5,
  "18": 1,
  "262": 3,
  "263": 5,
  "801": -2,
  "261": 4,
  "319": 2,
  "885": 0,
  "337": 2,
  "336": 5,
  "350": 2,
  "346": 9,
  "326": 7,
  "864": 1,
  "327": 8,
  "865": 1,
  "325": 10,
  "320": 2,
  "871": 0,
  "334": 5,
  "335": 4,
  "873": 0,
  "332": 5,
  "333": 4,
  "330": 4,
  "328": 7,
  "329": 8,
  "373": 12,
  "855": 1,
  "370": 14,
  "859": 1,
  "858": 1,
  "857": 1,
  "856": 1,
  "863": 1,
  "862": 0,
  "590": 14,
  "861": 0,
  "1061": 4,
  "860": 1,
  "357": 9,
  "359": 7,
  "352": 2,
  "1086": 0,
  "355": 4,
  "364": 8,
  "367": 10,
  "362": 5,
  "956": 0,
  "957": 0,
  "138": 4,
  "952": 0,
  "953": 0,
  "954": 0,
  "955": 0,
  "948": 0,
  "949": 0,
  "677": 10,
  "950": 0,
  "951": 0,
  "944": 0,
  "132": 3,
  "945": 0,
  "946": 0,
  "947": 0,
  "936": 0,
  "1245": 2,
  "924": 19,
  "923": 19,
  "914": 0,
  "912": 0,
  "913": 0,
  "911": 0,
  "910": 0,
  "909": 0,
  "1269": 8,
  "908": 0,
  "907": 0,
  "906": 0,
  "905": 0,
  "904": 0,
  "903": 0,
  "179": 5,
  "902": 0,
  "901": 0,
  "900": 0,
  "897": 0,
  "422": 10,
  "896": 0,
  "751": 10,
  "750": 10,
  "749": 2,
  "765": 0,
  "210": 2,
  "1191": 21,
  "718": 0,
  "1193": 20,
  "228": 1,
  "709": 19,
  "249": 2
}