[
	{
		"id": 471,
		"x": 133,
		"y": 211,
		"amount": 1,
		"respawn": 30
	},
	{
		"id": 471,
		"x": 141,
		"y": 214,
		"amount": 1,
		"respawn": 30
	},
	{
		"id": 469,
		"x": 362,
		"y": 602,
		"amount": 1,
		"respawn": 30
	},
	{
		"id": 469,
		"x": 361,
		"y": 603,
		"amount": 1,
		"respawn": 30
	},
	{
		"id": 41,
		"x": 180,
		"y": 200,
		"amount": 1,
		"respawn": 10
	},
	{
		"id": 170,
		"x": 220,
		"y": 356,
		"amount": 1,
		"respawn": 40
	},
	{
		"id": 32,
		"x": 329,
		"y": 146,
		"amount": 5,
		"respawn": 42
	},
	{
		"id": 410,
		"x": 191,
		"y": 315,
		"amount": 1,
		"respawn": 5
	},
	{
		"id": 190,
		"x": 224,
		"y": 295,
		"amount": 2,
		"respawn": 42
	},
	{
		"id": 121,
		"x": 166,
		"y": 254,
		"amount": 1,
		"respawn": 120
	},
	{
		"id": 28,
		"x": 118,
		"y": 627,
		"amount": 1,
		"respawn": 20
	},
	{
		"id": 60,
		"x": 183,
		"y": 318,
		"amount": 1,
		"respawn": 30
	},
	{
		"id": 411,
		"x": 320,
		"y": 299,
		"amount": 1,
		"respawn": 20
	},
	{
		"id": 410,
		"x": 327,
		"y": 299,
		"amount": 1,
		"respawn": 20
	},
	{
		"id": 411,
		"x": 63,
		"y": 325,
		"amount": 1,
		"respawn": 15
	},
	{
		"id": 411,
		"x": 65,
		"y": 320,
		"amount": 1,
		"respawn": 15
	},
	{
		"id": 411,
		"x": 62,
		"y": 320,
		"amount": 1,
		"respawn": 15
	},
	{
		"id": 19,
		"x": 119,
		"y": 603,
		"amount": 1,
		"respawn": 20
	},
	{
		"id": 190,
		"x": 229,
		"y": 290,
		"amount": 2,
		"respawn": 42
	},
	{
		"id": 67,
		"x": 68,
		"y": 326,
		"amount": 1,
		"respawn": 30
	},
	{
		"id": 319,
		"x": 273,
		"y": 289,
		"amount": 1,
		"respawn": 10
	},
	{
		"id": 320,
		"x": 272,
		"y": 289,
		"amount": 1,
		"respawn": 10
	},
	{
		"id": 59,
		"x": 107,
		"y": 1476,
		"amount": 1,
		"respawn": 5
	},
	{
		"id": 16,
		"x": 217,
		"y": 453,
		"amount": 1,
		"respawn": 15
	},
	{
		"id": 337,
		"x": 170,
		"y": 3532,
		"amount": 1,
		"respawn": 15
	},
	{
		"id": 337,
		"x": 171,
		"y": 3532,
		"amount": 1,
		"respawn": 15
	},
	{
		"id": 21,
		"x": 158,
		"y": 3523,
		"amount": 1,
		"respawn": 15
	},
	{
		"id": 19,
		"x": 126,
		"y": 3511,
		"amount": 1,
		"respawn": 15
	},
	{
		"id": 133,
		"x": 586,
		"y": 614,
		"amount": 1,
		"respawn": 30
	},
	{
		"id": 262,
		"x": 265,
		"y": 102,
		"amount": 1,
		"respawn": 30
	},
	{
		"id": 637,
		"x": 129,
		"y": 112,
		"amount": 3,
		"respawn": 10
	},
	{
		"id": 637,
		"x": 131,
		"y": 112,
		"amount": 3,
		"respawn": 10
	},
	{
		"id": 637,
		"x": 131,
		"y": 114,
		"amount": 3,
		"respawn": 10
	},
	{
		"id": 33,
		"x": 117,
		"y": 669,
		"amount": 1,
		"respawn": 30
	},
	{
		"id": 35,
		"x": 138,
		"y": 668,
		"amount": 1,
		"respawn": 30
	},
	{
		"id": 11,
		"x": 140,
		"y": 648,
		"amount": 1,
		"respawn": 30
	},
	{
		"id": 241,
		"x": 160,
		"y": 621,
		"amount": 1,
		"respawn": 5
	},
	{
		"id": 241,
		"x": 158,
		"y": 621,
		"amount": 1,
		"respawn": 5
	},
	{
		"id": 241,
		"x": 160,
		"y": 623,
		"amount": 1,
		"respawn": 5
	},
	{
		"id": 241,
		"x": 158,
		"y": 623,
		"amount": 1,
		"respawn": 5
	},
	{
		"id": 21,
		"x": 121,
		"y": 607,
		"amount": 1,
		"respawn": 30
	},
	{
		"id": 156,
		"x": 231,
		"y": 508,
		"amount": 1,
		"respawn": 15
	},
	{
		"id": 13,
		"x": 132,
		"y": 668,
		"amount": 1,
		"respawn": 15
	},
	{
		"id": 375,
		"x": 588,
		"y": 523,
		"amount": 1,
		"respawn": 10
	},
	{
		"id": 548,
		"x": 585,
		"y": 519,
		"amount": 1,
		"respawn": 15
	},
	{
		"id": 13,
		"x": 522,
		"y": 462,
		"amount": 1,
		"respawn": 30
	},
	{
		"id": 603,
		"x": 440,
		"y": 484,
		"amount": 1,
		"respawn": 10
	},
	{
		"id": 18,
		"x": 248,
		"y": 596,
		"amount": 1,
		"respawn": 60
	},
	{
		"id": 18,
		"x": 248,
		"y": 598,
		"amount": 1,
		"respawn": 60
	},
	{
		"id": 18,
		"x": 248,
		"y": 600,
		"amount": 1,
		"respawn": 60
	},
	{
		"id": 18,
		"x": 248,
		"y": 602,
		"amount": 1,
		"respawn": 60
	},
	{
		"id": 18,
		"x": 248,
		"y": 604,
		"amount": 1,
		"respawn": 60
	},
	{
		"id": 18,
		"x": 248,
		"y": 606,
		"amount": 1,
		"respawn": 60
	},
	{
		"id": 18,
		"x": 252,
		"y": 596,
		"amount": 1,
		"respawn": 60
	},
	{
		"id": 18,
		"x": 252,
		"y": 598,
		"amount": 1,
		"respawn": 60
	},
	{
		"id": 18,
		"x": 252,
		"y": 600,
		"amount": 1,
		"respawn": 60
	},
	{
		"id": 18,
		"x": 252,
		"y": 602,
		"amount": 1,
		"respawn": 60
	},
	{
		"id": 18,
		"x": 252,
		"y": 604,
		"amount": 1,
		"respawn": 60
	},
	{
		"id": 18,
		"x": 252,
		"y": 606,
		"amount": 1,
		"respawn": 60
	},
	{
		"id": 18,
		"x": 256,
		"y": 596,
		"amount": 1,
		"respawn": 60
	},
	{
		"id": 18,
		"x": 256,
		"y": 598,
		"amount": 1,
		"respawn": 60
	},
	{
		"id": 18,
		"x": 256,
		"y": 600,
		"amount": 1,
		"respawn": 60
	},
	{
		"id": 18,
		"x": 256,
		"y": 602,
		"amount": 1,
		"respawn": 60
	},
	{
		"id": 18,
		"x": 256,
		"y": 604,
		"amount": 1,
		"respawn": 60
	},
	{
		"id": 18,
		"x": 256,
		"y": 606,
		"amount": 1,
		"respawn": 60
	},
	{
		"id": 18,
		"x": 260,
		"y": 596,
		"amount": 1,
		"respawn": 60
	},
	{
		"id": 18,
		"x": 260,
		"y": 598,
		"amount": 1,
		"respawn": 60
	},
	{
		"id": 18,
		"x": 260,
		"y": 600,
		"amount": 1,
		"respawn": 60
	},
	{
		"id": 18,
		"x": 260,
		"y": 602,
		"amount": 1,
		"respawn": 60
	},
	{
		"id": 18,
		"x": 260,
		"y": 604,
		"amount": 1,
		"respawn": 60
	},
	{
		"id": 18,
		"x": 260,
		"y": 606,
		"amount": 1,
		"respawn": 60
	},
	{
		"id": 621,
		"x": 430,
		"y": 559,
		"amount": 1,
		"respawn": 30
	},
	{
		"id": 341,
		"x": 430,
		"y": 1502,
		"amount": 1,
		"respawn": 30
	},
	{
		"id": 377,
		"x": 403,
		"y": 567,
		"amount": 1,
		"respawn": 30
	},
	{
		"id": 210,
		"x": 408,
		"y": 547,
		"amount": 1,
		"respawn": 30
	},
	{
		"id": 190,
		"x": 277,
		"y": 1571,
		"amount": 1,
		"respawn": 30
	},
	{
		"id": 190,
		"x": 278,
		"y": 1578,
		"amount": 1,
		"respawn": 30
	},
	{
		"id": 18,
		"x": 327,
		"y": 627,
		"amount": 1,
		"respawn": 60
	},
	{
		"id": 18,
		"x": 329,
		"y": 627,
		"amount": 1,
		"respawn": 60
	},
	{
		"id": 18,
		"x": 331,
		"y": 627,
		"amount": 1,
		"respawn": 60
	},
	{
		"id": 18,
		"x": 327,
		"y": 629,
		"amount": 1,
		"respawn": 60
	},
	{
		"id": 18,
		"x": 329,
		"y": 629,
		"amount": 1,
		"respawn": 60
	},
	{
		"id": 18,
		"x": 331,
		"y": 629,
		"amount": 1,
		"respawn": 60
	},
	{
		"id": 241,
		"x": 331,
		"y": 633,
		"amount": 1,
		"respawn": 30
	},
	{
		"id": 241,
		"x": 329,
		"y": 633,
		"amount": 1,
		"respawn": 30
	},
	{
		"id": 241,
		"x": 327,
		"y": 633,
		"amount": 1,
		"respawn": 30
	},
	{
		"id": 140,
		"x": 345,
		"y": 605,
		"amount": 1,
		"respawn": 30
	},
	{
		"id": 294,
		"x": 344,
		"y": 606,
		"amount": 1,
		"respawn": 30
	},
	{
		"id": 167,
		"x": 343,
		"y": 606,
		"amount": 1,
		"respawn": 30
	},
	{
		"id": 168,
		"x": 343,
		"y": 608,
		"amount": 1,
		"respawn": 30
	},
	{
		"id": 295,
		"x": 346,
		"y": 1545,
		"amount": 1,
		"respawn": 30
	},
	{
		"id": 386,
		"x": 345,
		"y": 1545,
		"amount": 1,
		"respawn": 30
	},
	{
		"id": 144,
		"x": 344,
		"y": 1545,
		"amount": 1,
		"respawn": 30
	},
	{
		"id": 182,
		"x": 278,
		"y": 657,
		"amount": 1,
		"respawn": 30
	},
	{
		"id": 194,
		"x": 110,
		"y": 518,
		"amount": 1,
		"respawn": 30
	},
	{
		"id": 15,
		"x": 107,
		"y": 526,
		"amount": 1,
		"respawn": 30
	},
	{
		"id": 14,
		"x": 110,
		"y": 526,
		"amount": 1,
		"respawn": 30
	},
	{
		"id": 14,
		"x": 110,
		"y": 527,
		"amount": 1,
		"respawn": 30
	},
	{
		"id": 135,
		"x": 119,
		"y": 523,
		"amount": 1,
		"respawn": 30
	},
	{
		"id": 18,
		"x": 119,
		"y": 530,
		"amount": 1,
		"respawn": 30
	},
	{
		"id": 18,
		"x": 119,
		"y": 532,
		"amount": 1,
		"respawn": 30
	},
	{
		"id": 18,
		"x": 119,
		"y": 534,
		"amount": 1,
		"respawn": 30
	},
	{
		"id": 18,
		"x": 118,
		"y": 530,
		"amount": 1,
		"respawn": 30
	},
	{
		"id": 18,
		"x": 118,
		"y": 532,
		"amount": 1,
		"respawn": 30
	},
	{
		"id": 18,
		"x": 118,
		"y": 534,
		"amount": 1,
		"respawn": 30
	},
	{
		"id": 211,
		"x": 127,
		"y": 1461,
		"amount": 1,
		"respawn": 30
	},
	{
		"id": 13,
		"x": 124,
		"y": 1458,
		"amount": 1,
		"respawn": 30
	},
	{
		"id": 186,
		"x": 148,
		"y": 3337,
		"amount": 1,
		"respawn": 60
	},
	{
		"id": 186,
		"x": 149,
		"y": 3337,
		"amount": 1,
		"respawn": 60
	},
	{
		"id": 152,
		"x": 150,
		"y": 3336,
		"amount": 1,
		"respawn": 60
	},
	{
		"id": 152,
		"x": 152,
		"y": 3335,
		"amount": 1,
		"respawn": 60
	},
	{
		"id": 10,
		"x": 147,
		"y": 3337,
		"amount": 10,
		"respawn": 60
	},
	{
		"id": 10,
		"x": 149,
		"y": 3335,
		"amount": 42,
		"respawn": 60
	},
	{
		"id": 10,
		"x": 149,
		"y": 3339,
		"amount": 10,
		"respawn": 60
	},
	{
		"id": 10,
		"x": 150,
		"y": 3335,
		"amount": 66,
		"respawn": 60
	},
	{
		"id": 10,
		"x": 150,
		"y": 3339,
		"amount": 10,
		"respawn": 60
	},
	{
		"id": 10,
		"x": 152,
		"y": 3337,
		"amount": 10,
		"respawn": 60
	},
	{
		"id": 251,
		"x": 121,
		"y": 465,
		"amount": 1,
		"respawn": 30
	},
	{
		"id": 21,
		"x": 120,
		"y": 456,
		"amount": 1,
		"respawn": 30
	},
	{
		"id": 10,
		"x": 118,
		"y": 452,
		"amount": 10,
		"respawn": 30
	},
	{
		"id": 10,
		"x": 121,
		"y": 449,
		"amount": 10,
		"respawn": 30
	},
	{
		"id": 189,
		"x": 377,
		"y": 1446,
		"amount": 1,
		"respawn": 30
	},
	{
		"id": 16,
		"x": 306,
		"y": 522,
		"amount": 1,
		"respawn": 30
	},
	{
		"id": 251,
		"x": 296,
		"y": 3329,
		"amount": 1,
		"respawn": 30
	},
	{
		"id": 135,
		"x": 234,
		"y": 507,
		"amount": 1,
		"respawn": 30
	},
	{
		"id": 228,
		"x": 231,
		"y": 548,
		"amount": 1,
		"respawn": 30
	},
	{
		"id": 228,
		"x": 230,
		"y": 548,
		"amount": 1,
		"respawn": 30
	},
	{
		"id": 228,
		"x": 229,
		"y": 548,
		"amount": 1,
		"respawn": 30
	},
	{
		"id": 228,
		"x": 231,
		"y": 549,
		"amount": 1,
		"respawn": 30
	},
	{
		"id": 228,
		"x": 230,
		"y": 549,
		"amount": 1,
		"respawn": 30
	},
	{
		"id": 228,
		"x": 229,
		"y": 549,
		"amount": 1,
		"respawn": 30
	},
	{
		"id": 228,
		"x": 231,
		"y": 550,
		"amount": 1,
		"respawn": 30
	},
	{
		"id": 228,
		"x": 230,
		"y": 550,
		"amount": 1,
		"respawn": 30
	},
	{
		"id": 228,
		"x": 229,
		"y": 550,
		"amount": 1,
		"respawn": 30
	},
	{
		"id": 19,
		"x": 122,
		"y": 603,
		"amount": 1,
		"respawn": 30
	},
	{
		"id": 41,
		"x": 361,
		"y": 2458,
		"amount": 1,
		"respawn": 60
	},
	{
		"id": 140,
		"x": 133,
		"y": 661,
		"amount": 1,
		"respawn": 60
	},
	{
		"id": 135,
		"x": 134,
		"y": 660,
		"amount": 1,
		"respawn": 60
	},
	{
		"id": 18,
		"x": 141,
		"y": 3489,
		"amount": 1,
		"respawn": 60
	},
	{
		"id": 17,
		"x": 141,
		"y": 3488,
		"amount": 1,
		"respawn": 60
	},
	{
		"id": 62,
		"x": 129,
		"y": 1601,
		"amount": 1,
		"respawn": 60
	},
	{
		"id": 14,
		"x": 139,
		"y": 2537,
		"amount": 1,
		"respawn": 60
	},
	{
		"id": 14,
		"x": 140,
		"y": 2537,
		"amount": 1,
		"respawn": 60
	},
	{
		"id": 14,
		"x": 140,
		"y": 2538,
		"amount": 1,
		"respawn": 60
	},
	{
		"id": 14,
		"x": 139,
		"y": 2536,
		"amount": 1,
		"respawn": 60
	},
	{
		"id": 36,
		"x": 77,
		"y": 1618,
		"amount": 1,
		"respawn": 60
	},
	{
		"id": 17,
		"x": 64,
		"y": 677,
		"amount": 1,
		"respawn": 60
	},
	{
		"id": 21,
		"x": 60,
		"y": 672,
		"amount": 1,
		"respawn": 60
	},
	{
		"id": 18,
		"x": 79,
		"y": 693,
		"amount": 1,
		"respawn": 60
	},
	{
		"id": 140,
		"x": 78,
		"y": 693,
		"amount": 1,
		"respawn": 60
	},
	{
		"id": 31,
		"x": 67,
		"y": 587,
		"amount": 4,
		"respawn": 60
	},
	{
		"id": 32,
		"x": 74,
		"y": 583,
		"amount": 4,
		"respawn": 60
	},
	{
		"id": 33,
		"x": 183,
		"y": 649,
		"amount": 4,
		"respawn": 60
	},
	{
		"id": 0,
		"x": 602,
		"y": 699,
		"amount": 1,
		"respawn": 60
	},
	{
		"id": 20,
		"x": 606,
		"y": 700,
		"amount": 1,
		"respawn": 60
	},
	{
		"id": 20,
		"x": 606,
		"y": 703,
		"amount": 1,
		"respawn": 60
	},
	{
		"id": 5,
		"x": 602,
		"y": 704,
		"amount": 1,
		"respawn": 60
	},
	{
		"id": 20,
		"x": 600,
		"y": 702,
		"amount": 1,
		"respawn": 60
	},
	{
		"id": 12,
		"x": 609,
		"y": 703,
		"amount": 1,
		"respawn": 60
	},
	{
		"id": 20,
		"x": 611,
		"y": 701,
		"amount": 1,
		"respawn": 60
	},
	{
		"id": 20,
		"x": 614,
		"y": 703,
		"amount": 1,
		"respawn": 60
	},
	{
		"id": 20,
		"x": 603,
		"y": 711,
		"amount": 1,
		"respawn": 60
	},
	{
		"id": 20,
		"x": 607,
		"y": 711,
		"amount": 1,
		"respawn": 60
	},
	{
		"id": 20,
		"x": 608,
		"y": 709,
		"amount": 1,
		"respawn": 60
	},
	{
		"id": 0,
		"x": 608,
		"y": 707,
		"amount": 1,
		"respawn": 60
	},
	{
		"id": 20,
		"x": 615,
		"y": 707,
		"amount": 1,
		"respawn": 60
	},
	{
		"id": 20,
		"x": 604,
		"y": 706,
		"amount": 1,
		"respawn": 60
	},
	{
		"id": 20,
		"x": 601,
		"y": 707,
		"amount": 1,
		"respawn": 60
	},
	{
		"id": 601,
		"x": 639,
		"y": 737,
		"amount": 1,
		"respawn": 60
	},
	{
		"id": 10,
		"x": 470,
		"y": 672,
		"amount": 3,
		"respawn": 60
	},
	{
		"id": 10,
		"x": 470,
		"y": 673,
		"amount": 3,
		"respawn": 60
	},
	{
		"id": 10,
		"x": 471,
		"y": 674,
		"amount": 3,
		"respawn": 60
	},
	{
		"id": 10,
		"x": 468,
		"y": 674,
		"amount": 3,
		"respawn": 60
	},
	{
		"id": 10,
		"x": 470,
		"y": 675,
		"amount": 3,
		"respawn": 60
	},
	{
		"id": 799,
		"x": 574,
		"y": 583,
		"amount": 1,
		"respawn": 60
	},
	{
		"id": 799,
		"x": 574,
		"y": 585,
		"amount": 1,
		"respawn": 60
	},
	{
		"id": 799,
		"x": 574,
		"y": 586,
		"amount": 1,
		"respawn": 60
	},
	{
		"id": 757,
		"x": 597,
		"y": 543,
		"amount": 1,
		"respawn": 60
	},
	{
		"id": 251,
		"x": 432,
		"y": 1424,
		"amount": 1,
		"respawn": 60
	},
	{
		"id": 465,
		"x": 429,
		"y": 1434,
		"amount": 1,
		"respawn": 60
	},
	{
		"id": 319,
		"x": 223,
		"y": 624,
		"amount": 1,
		"respawn": 30
	},
	{
		"id": 320,
		"x": 222,
		"y": 624,
		"amount": 1,
		"respawn": 30
	},
	{
		"id": 337,
		"x": 176,
		"y": 480,
		"amount": 1,
		"respawn": 60
	},
	{
		"id": 135,
		"x": 177,
		"y": 2370,
		"amount": 1,
		"respawn": 60
	},
	{
		"id": 252,
		"x": 175,
		"y": 2370,
		"amount": 1,
		"respawn": 60
	},
	{
		"id": 140,
		"x": 176,
		"y": 2370,
		"amount": 1,
		"respawn": 30
	},
	{
		"id": 143,
		"x": 181,
		"y": 2374,
		"amount": 1,
		"respawn": 30
	},
	{
		"id": 338,
		"x": 181,
		"y": 1424,
		"amount": 1,
		"respawn": 60
	},
	{
		"id": 341,
		"x": 180,
		"y": 1424,
		"amount": 1,
		"respawn": 60
	},
	{
		"id": 251,
		"x": 178,
		"y": 1424,
		"amount": 1,
		"respawn": 60
	},
	{
		"id": 252,
		"x": 177,
		"y": 1424,
		"amount": 1,
		"respawn": 60
	},
	{
		"id": 252,
		"x": 176,
		"y": 1424,
		"amount": 1,
		"respawn": 60
	},
	{
		"id": 596,
		"x": 367,
		"y": 3372,
		"amount": 1,
		"respawn": 60
	},
	{
		"id": 236,
		"x": 90,
		"y": 544,
		"amount": 1,
		"respawn": 60
	},
	{
		"id": 236,
		"x": 91,
		"y": 551,
		"amount": 1,
		"respawn": 60
	},
	{
		"id": 55,
		"x": 86,
		"y": 542,
		"amount": 1,
		"respawn": 60
	},
	{
		"id": 236,
		"x": 79,
		"y": 540,
		"amount": 1,
		"respawn": 60
	},
	{
		"id": 55,
		"x": 83,
		"y": 548,
		"amount": 1,
		"respawn": 60
	},
	{
		"id": 388,
		"x": 264,
		"y": 1402,
		"amount": 1,
		"respawn": 30
	},
	{
		"id": 389,
		"x": 265,
		"y": 1402,
		"amount": 1,
		"respawn": 30
	},
	{
		"id": 193,
		"x": 231,
		"y": 500,
		"amount": 1,
		"respawn": 60
	},
	{
		"id": 193,
		"x": 233,
		"y": 500,
		"amount": 1,
		"respawn": 60
	},
	{
		"id": 193,
		"x": 232,
		"y": 497,
		"amount": 1,
		"respawn": 60
	},
	{
		"id": 132,
		"x": 234,
		"y": 500,
		"amount": 1,
		"respawn": 60
	},
	{
		"id": 132,
		"x": 231,
		"y": 497,
		"amount": 1,
		"respawn": 60
	},
	{
		"id": 10,
		"x": 223,
		"y": 3280,
		"amount": 1,
		"respawn": 60
	},
	{
		"id": 10,
		"x": 223,
		"y": 3281,
		"amount": 4,
		"respawn": 60
	},
	{
		"id": 20,
		"x": 216,
		"y": 3289,
		"amount": 1,
		"respawn": 15
	},
	{
		"id": 20,
		"x": 212,
		"y": 3292,
		"amount": 1,
		"respawn": 15
	},
	{
		"id": 20,
		"x": 216,
		"y": 3299,
		"amount": 1,
		"respawn": 15
	},
	{
		"id": 20,
		"x": 205,
		"y": 3288,
		"amount": 1,
		"respawn": 15
	},
	{
		"id": 20,
		"x": 210,
		"y": 3288,
		"amount": 1,
		"respawn": 15
	},
	{
		"id": 20,
		"x": 207,
		"y": 3283,
		"amount": 1,
		"respawn": 15
	},
	{
		"id": 20,
		"x": 209,
		"y": 3283,
		"amount": 1,
		"respawn": 15
	},
	{
		"id": 11,
		"x": 197,
		"y": 3277,
		"amount": 3,
		"respawn": 30
	},
	{
		"id": 11,
		"x": 194,
		"y": 3267,
		"amount": 1,
		"respawn": 15
	},
	{
		"id": 219,
		"x": 201,
		"y": 3234,
		"amount": 1,
		"respawn": 15
	},
	{
		"id": 219,
		"x": 204,
		"y": 3232,
		"amount": 1,
		"respawn": 15
	},
	{
		"id": 219,
		"x": 209,
		"y": 3236,
		"amount": 1,
		"respawn": 15
	},
	{
		"id": 219,
		"x": 208,
		"y": 3240,
		"amount": 1,
		"respawn": 15
	},
	{
		"id": 186,
		"x": 204,
		"y": 3295,
		"amount": 1,
		"respawn": 60
	},
	{
		"id": 99,
		"x": 198,
		"y": 3307,
		"amount": 1,
		"respawn": 60
	},
	{
		"id": 7,
		"x": 106,
		"y": 489,
		"amount": 1,
		"respawn": 60
	},
	{
		"id": 6,
		"x": 106,
		"y": 487,
		"amount": 1,
		"respawn": 60
	},
	{
		"id": 128,
		"x": 106,
		"y": 485,
		"amount": 1,
		"respawn": 60
	},
	{
		"id": 1,
		"x": 105,
		"y": 484,
		"amount": 1,
		"respawn": 60
	},
	{
		"id": 0,
		"x": 103,
		"y": 484,
		"amount": 1,
		"respawn": 60
	},
	{
		"id": 132,
		"x": 307,
		"y": 1475,
		"amount": 1,
		"respawn": 60
	},
	{
		"id": 183,
		"x": 310,
		"y": 1479,
		"amount": 1,
		"respawn": 60
	},
	{
		"id": 21,
		"x": 35,
		"y": 542,
		"amount": 1,
		"respawn": 60
	},
	{
		"id": 156,
		"x": 33,
		"y": 539,
		"amount": 1,
		"respawn": 60
	},
	{
		"id": 140,
		"x": 13,
		"y": 541,
		"amount": 1,
		"respawn": 60
	},
	{
		"id": 1111,
		"x": 15,
		"y": 541,
		"amount": 1,
		"respawn": 60
	},
	{
		"id": 21,
		"x": 17,
		"y": 536,
		"amount": 1,
		"respawn": 60
	},
	{
		"id": 21,
		"x": 23,
		"y": 527,
		"amount": 1,
		"respawn": 60
	},
	{
		"id": 21,
		"x": 23,
		"y": 526,
		"amount": 1,
		"respawn": 60
	},
	{
		"id": 21,
		"x": 16,
		"y": 524,
		"amount": 1,
		"respawn": 60
	},
	{
		"id": 20,
		"x": 16,
		"y": 522,
		"amount": 1,
		"respawn": 60
	},
	{
		"id": 20,
		"x": 14,
		"y": 519,
		"amount": 1,
		"respawn": 60
	},
	{
		"id": 21,
		"x": 26,
		"y": 518,
		"amount": 1,
		"respawn": 60
	},
	{
		"id": 21,
		"x": 27,
		"y": 518,
		"amount": 1,
		"respawn": 60
	},
	{
		"id": 20,
		"x": 25,
		"y": 506,
		"amount": 1,
		"respawn": 60
	},
	{
		"id": 21,
		"x": 13,
		"y": 509,
		"amount": 1,
		"respawn": 60
	},
	{
		"id": 1284,
		"x": 11,
		"y": 3375,
		"amount": 1,
		"respawn": 60
	},
	{
		"id": 1284,
		"x": 9,
		"y": 3373,
		"amount": 1,
		"respawn": 60
	},
	{
		"id": 1284,
		"x": 5,
		"y": 3377,
		"amount": 1,
		"respawn": 60
	},
	{
		"id": 27,
		"x": 8,
		"y": 3401,
		"amount": 1,
		"respawn": 60
	},
	{
		"id": 27,
		"x": 17,
		"y": 3401,
		"amount": 1,
		"respawn": 60
	},
	{
		"id": 33,
		"x": 339,
		"y": 703,
		"amount": 3,
		"respawn": 60
	},
	{
		"id": 31,
		"x": 408,
		"y": 3532,
		"amount": 1,
		"respawn": 30
	},
	{
		"id": 31,
		"x": 405,
		"y": 3537,
		"amount": 1,
		"respawn": 30
	},
	{
		"id": 31,
		"x": 409,
		"y": 3543,
		"amount": 1,
		"respawn": 30
	},
	{
		"id": 31,
		"x": 414,
		"y": 3540,
		"amount": 1,
		"respawn": 30
	},
	{
		"id": 31,
		"x": 413,
		"y": 3534,
		"amount": 1,
		"respawn": 30
	},
	{
		"id": 219,
		"x": 404,
		"y": 3518,
		"amount": 1,
		"respawn": 15
	},
	{
		"id": 10,
		"x": 415,
		"y": 3476,
		"amount": 100,
		"respawn": 60
	},
	{
		"id": 10,
		"x": 419,
		"y": 3477,
		"amount": 100,
		"respawn": 60
	},
	{
		"id": 10,
		"x": 420,
		"y": 3484,
		"amount": 100,
		"respawn": 60
	},
	{
		"id": 10,
		"x": 415,
		"y": 3483,
		"amount": 100,
		"respawn": 60
	},
	{
		"id": 13,
		"x": 509,
		"y": 506,
		"amount": 1,
		"respawn": 60
	},
	{
		"id": 4,
		"x": 139,
		"y": 437,
		"amount": 1,
		"respawn": 30
	},
	{
		"id": 34,
		"x": 146,
		"y": 438,
		"amount": 3,
		"respawn": 30
	},
	{
		"id": 501,
		"x": 333,
		"y": 434,
		"amount": 1,
		"respawn": 30
	},
	{
		"id": 413,
		"x": 123,
		"y": 263,
		"amount": 1,
		"respawn": 15
	},
	{
		"id": 413,
		"x": 130,
		"y": 259,
		"amount": 1,
		"respawn": 15
	},
	{
		"id": 342,
		"x": 543,
		"y": 3273,
		"amount": 1,
		"respawn": 25
	},
	{
		"id": 725,
		"x": 540,
		"y": 3273,
		"amount": 1,
		"respawn": 15
	},
	{
		"id": 118,
		"x": 236,
		"y": 180,
		"amount": 1,
		"respawn": 120
	},
	{
		"id": 36,
		"x": 232,
		"y": 177,
		"amount": 10,
		"respawn": 120
	},
	{
		"id": 20,
		"x": 233,
		"y": 176,
		"amount": 1,
		"respawn": 30
	},
	{
		"id": 714,
		"x": 580,
		"y": 3524,
		"amount": 1,
		"respawn": 30
	},
	{
		"id": 168,
		"x": 544,
		"y": 576,
		"amount": 1,
		"respawn": 30
	},
	{
		"id": 167,
		"x": 543,
		"y": 576,
		"amount": 1,
		"respawn": 30
	},
	{
		"id": 16,
		"x": 116,
		"y": 710,
		"amount": 1,
		"respawn": 15
	},
	{
		"id": 164,
		"x": 171,
		"y": 161,
		"amount": 1,
		"respawn": 75
	},
	{
		"id": 46,
		"x": 333,
		"y": 145,
		"amount": 3,
		"respawn": 42
	},
	{
		"id": 40,
		"x": 67,
		"y": 177,
		"amount": 3,
		"respawn": 120
	},
	{
		"id": 40,
		"x": 69,
		"y": 178,
		"amount": 4,
		"respawn": 120
	},
	{
		"id": 11,
		"x": 212,
		"y": 367,
		"amount": 4,
		"respawn": 20
	},
	{
		"id": 11,
		"x": 215,
		"y": 373,
		"amount": 3,
		"respawn": 20
	},
	{
		"id": 11,
		"x": 222,
		"y": 370,
		"amount": 4,
		"respawn": 20
	},
	{
		"id": 11,
		"x": 217,
		"y": 366,
		"amount": 2,
		"respawn": 20
	},
	{
		"id": 11,
		"x": 213,
		"y": 364,
		"amount": 2,
		"respawn": 20
	},
	{
		"id": 11,
		"x": 213,
		"y": 367,
		"amount": 2,
		"respawn": 20
	},
	{
		"id": 190,
		"x": 222,
		"y": 298,
		"amount": 2,
		"respawn": 42
	},
	{
		"id": 190,
		"x": 228,
		"y": 294,
		"amount": 2,
		"respawn": 42
	},
	{
		"id": 190,
		"x": 233,
		"y": 296,
		"amount": 2,
		"respawn": 42
	},
	{
		"id": 41,
		"x": 263,
		"y": 345,
		"amount": 1,
		"respawn": 30
	},
	{
		"id": 32,
		"x": 255,
		"y": 347,
		"amount": 1,
		"respawn": 40
	},
	{
		"id": 34,
		"x": 259,
		"y": 347,
		"amount": 1,
		"respawn": 40
	},
	{
		"id": 33,
		"x": 257,
		"y": 347,
		"amount": 1,
		"respawn": 40
	},
	{
		"id": 35,
		"x": 261,
		"y": 347,
		"amount": 1,
		"respawn": 40
	},
	{
		"id": 36,
		"x": 263,
		"y": 347,
		"amount": 1,
		"respawn": 40
	},
	{
		"id": 31,
		"x": 253,
		"y": 347,
		"amount": 1,
		"respawn": 40
	},
	{
		"id": 18,
		"x": 252,
		"y": 453,
		"amount": 1,
		"respawn": 30
	},
	{
		"id": 18,
		"x": 251,
		"y": 453,
		"amount": 1,
		"respawn": 30
	},
	{
		"id": 18,
		"x": 250,
		"y": 453,
		"amount": 1,
		"respawn": 30
	},
	{
		"id": 18,
		"x": 249,
		"y": 453,
		"amount": 1,
		"respawn": 30
	},
	{
		"id": 18,
		"x": 252,
		"y": 455,
		"amount": 1,
		"respawn": 30
	},
	{
		"id": 18,
		"x": 251,
		"y": 455,
		"amount": 1,
		"respawn": 30
	},
	{
		"id": 18,
		"x": 250,
		"y": 455,
		"amount": 1,
		"respawn": 30
	},
	{
		"id": 18,
		"x": 249,
		"y": 455,
		"amount": 1,
		"respawn": 30
	},
	{
		"id": 18,
		"x": 252,
		"y": 457,
		"amount": 1,
		"respawn": 30
	},
	{
		"id": 18,
		"x": 251,
		"y": 457,
		"amount": 1,
		"respawn": 30
	},
	{
		"id": 18,
		"x": 250,
		"y": 457,
		"amount": 1,
		"respawn": 30
	},
	{
		"id": 18,
		"x": 249,
		"y": 457,
		"amount": 1,
		"respawn": 30
	},
	{
		"id": 622,
		"x": 437,
		"y": 536,
		"amount": 1,
		"respawn": 15
	},
	{
		"id": 622,
		"x": 437,
		"y": 538,
		"amount": 1,
		"respawn": 15
	},
	{
		"id": 622,
		"x": 437,
		"y": 540,
		"amount": 1,
		"respawn": 15
	},
	{
		"id": 622,
		"x": 437,
		"y": 543,
		"amount": 1,
		"respawn": 15
	},
	{
		"id": 10,
		"x": 91,
		"y": 3301,
		"amount": 1,
		"respawn": 30
	},
	{
		"id": 35,
		"x": 129,
		"y": 3292,
		"amount": 1,
		"respawn": 15
	},
	{
		"id": 36,
		"x": 129,
		"y": 3290,
		"amount": 1,
		"respawn": 15
	},
	{
		"id": 34,
		"x": 146,
		"y": 3296,
		"amount": 6,
		"respawn": 30
	},
	{
		"id": 10,
		"x": 150,
		"y": 3300,
		"amount": 7,
		"respawn": 30
	},
	{
		"id": 10,
		"x": 155,
		"y": 3301,
		"amount": 5,
		"respawn": 30
	},
	{
		"id": 219,
		"x": 160,
		"y": 3299,
		"amount": 1,
		"respawn": 15
	},
	{
		"id": 12,
		"x": 161,
		"y": 3295,
		"amount": 1,
		"respawn": 30
	},
	{
		"id": 10,
		"x": 158,
		"y": 3292,
		"amount": 8,
		"respawn": 60
	},
	{
		"id": 10,
		"x": 151,
		"y": 3290,
		"amount": 7,
		"respawn": 30
	},
	{
		"id": 18,
		"x": 137,
		"y": 612,
		"amount": 1,
		"respawn": 30
	},
	{
		"id": 18,
		"x": 139,
		"y": 612,
		"amount": 1,
		"respawn": 30
	},
	{
		"id": 18,
		"x": 141,
		"y": 612,
		"amount": 1,
		"respawn": 30
	},
	{
		"id": 18,
		"x": 143,
		"y": 612,
		"amount": 1,
		"respawn": 30
	},
	{
		"id": 18,
		"x": 145,
		"y": 612,
		"amount": 1,
		"respawn": 30
	},
	{
		"id": 18,
		"x": 147,
		"y": 612,
		"amount": 1,
		"respawn": 30
	},
	{
		"id": 18,
		"x": 149,
		"y": 612,
		"amount": 1,
		"respawn": 30
	},
	{
		"id": 18,
		"x": 151,
		"y": 612,
		"amount": 1,
		"respawn": 30
	},
	{
		"id": 18,
		"x": 153,
		"y": 612,
		"amount": 1,
		"respawn": 30
	},
	{
		"id": 18,
		"x": 137,
		"y": 609,
		"amount": 1,
		"respawn": 30
	},
	{
		"id": 18,
		"x": 139,
		"y": 609,
		"amount": 1,
		"respawn": 30
	},
	{
		"id": 18,
		"x": 141,
		"y": 609,
		"amount": 1,
		"respawn": 30
	},
	{
		"id": 18,
		"x": 143,
		"y": 609,
		"amount": 1,
		"respawn": 30
	},
	{
		"id": 18,
		"x": 145,
		"y": 609,
		"amount": 1,
		"respawn": 30
	},
	{
		"id": 18,
		"x": 147,
		"y": 609,
		"amount": 1,
		"respawn": 30
	},
	{
		"id": 18,
		"x": 149,
		"y": 609,
		"amount": 1,
		"respawn": 30
	},
	{
		"id": 18,
		"x": 151,
		"y": 609,
		"amount": 1,
		"respawn": 30
	},
	{
		"id": 18,
		"x": 153,
		"y": 609,
		"amount": 1,
		"respawn": 30
	},
	{
		"id": 18,
		"x": 137,
		"y": 606,
		"amount": 1,
		"respawn": 30
	},
	{
		"id": 18,
		"x": 139,
		"y": 606,
		"amount": 1,
		"respawn": 30
	},
	{
		"id": 18,
		"x": 141,
		"y": 606,
		"amount": 1,
		"respawn": 30
	},
	{
		"id": 18,
		"x": 143,
		"y": 606,
		"amount": 1,
		"respawn": 30
	},
	{
		"id": 18,
		"x": 145,
		"y": 606,
		"amount": 1,
		"respawn": 30
	},
	{
		"id": 18,
		"x": 147,
		"y": 606,
		"amount": 1,
		"respawn": 30
	},
	{
		"id": 18,
		"x": 149,
		"y": 606,
		"amount": 1,
		"respawn": 30
	},
	{
		"id": 18,
		"x": 151,
		"y": 606,
		"amount": 1,
		"respawn": 30
	},
	{
		"id": 18,
		"x": 153,
		"y": 606,
		"amount": 1,
		"respawn": 30
	},
	{
		"id": 18,
		"x": 137,
		"y": 603,
		"amount": 1,
		"respawn": 30
	},
	{
		"id": 18,
		"x": 139,
		"y": 603,
		"amount": 1,
		"respawn": 30
	},
	{
		"id": 18,
		"x": 141,
		"y": 603,
		"amount": 1,
		"respawn": 30
	},
	{
		"id": 18,
		"x": 143,
		"y": 603,
		"amount": 1,
		"respawn": 30
	},
	{
		"id": 18,
		"x": 145,
		"y": 603,
		"amount": 1,
		"respawn": 30
	},
	{
		"id": 18,
		"x": 147,
		"y": 603,
		"amount": 1,
		"respawn": 30
	},
	{
		"id": 18,
		"x": 149,
		"y": 603,
		"amount": 1,
		"respawn": 30
	},
	{
		"id": 18,
		"x": 151,
		"y": 603,
		"amount": 1,
		"respawn": 30
	},
	{
		"id": 18,
		"x": 153,
		"y": 603,
		"amount": 1,
		"respawn": 30
	},
	{
		"id": 18,
		"x": 137,
		"y": 600,
		"amount": 1,
		"respawn": 30
	},
	{
		"id": 18,
		"x": 139,
		"y": 600,
		"amount": 1,
		"respawn": 30
	},
	{
		"id": 18,
		"x": 141,
		"y": 600,
		"amount": 1,
		"respawn": 30
	},
	{
		"id": 18,
		"x": 143,
		"y": 600,
		"amount": 1,
		"respawn": 30
	},
	{
		"id": 18,
		"x": 145,
		"y": 600,
		"amount": 1,
		"respawn": 30
	},
	{
		"id": 18,
		"x": 147,
		"y": 600,
		"amount": 1,
		"respawn": 30
	},
	{
		"id": 18,
		"x": 149,
		"y": 600,
		"amount": 1,
		"respawn": 30
	},
	{
		"id": 18,
		"x": 151,
		"y": 600,
		"amount": 1,
		"respawn": 30
	},
	{
		"id": 18,
		"x": 153,
		"y": 600,
		"amount": 1,
		"respawn": 30
	},
	{
		"id": 20,
		"x": 568,
		"y": 3328,
		"amount": 1,
		"respawn": 15
	},
	{
		"id": 20,
		"x": 566,
		"y": 3326,
		"amount": 1,
		"respawn": 15
	},
	{
		"id": 20,
		"x": 569,
		"y": 3326,
		"amount": 1,
		"respawn": 15
	},
	{
		"id": 20,
		"x": 566,
		"y": 3324,
		"amount": 1,
		"respawn": 15
	},
	{
		"id": 20,
		"x": 569,
		"y": 3322,
		"amount": 1,
		"respawn": 15
	},
	{
		"id": 20,
		"x": 566,
		"y": 3319,
		"amount": 1,
		"respawn": 15
	},
	{
		"id": 20,
		"x": 569,
		"y": 3318,
		"amount": 1,
		"respawn": 15
	},
	{
		"id": 10,
		"x": 566,
		"y": 3320,
		"amount": 1,
		"respawn": 15
	},
	{
		"id": 10,
		"x": 567,
		"y": 3321,
		"amount": 1,
		"respawn": 15
	},
	{
		"id": 10,
		"x": 566,
		"y": 3318,
		"amount": 1,
		"respawn": 15
	},
	{
		"id": 10,
		"x": 568,
		"y": 3317,
		"amount": 1,
		"respawn": 15
	},
	{
		"id": 164,
		"x": 567,
		"y": 3318,
		"amount": 1,
		"respawn": 60
	},
	{
		"id": 283,
		"x": 565,
		"y": 3317,
		"amount": 1,
		"respawn": 60
	},
	{
		"id": 27,
		"x": 218,
		"y": 3521,
		"amount": 1,
		"respawn": 30
	},
	{
		"id": 104,
		"x": 206,
		"y": 3380,
		"amount": 1,
		"respawn": 30
	},
	{
		"id": 208,
		"x": 232,
		"y": 3382,
		"amount": 1,
		"respawn": 30
	},
	{
		"id": 176,
		"x": 212,
		"y": 1497,
		"amount": 1,
		"respawn": 30
	},
	{
		"id": 213,
		"x": 208,
		"y": 546,
		"amount": 1,
		"respawn": 30
	},
	{
		"id": 139,
		"x": 209,
		"y": 2442,
		"amount": 1,
		"respawn": 30
	},
	{
		"id": 166,
		"x": 208,
		"y": 2438,
		"amount": 1,
		"respawn": 30
	},
	{
		"id": 181,
		"x": 212,
		"y": 2441,
		"amount": 1,
		"respawn": 30
	},
	{
		"id": 181,
		"x": 214,
		"y": 2439,
		"amount": 1,
		"respawn": 30
	},
	{
		"id": 177,
		"x": 221,
		"y": 546,
		"amount": 1,
		"respawn": 30
	},
	{
		"id": 211,
		"x": 197,
		"y": 554,
		"amount": 1,
		"respawn": 30
	},
	{
		"id": 144,
		"x": 200,
		"y": 551,
		"amount": 1,
		"respawn": 30
	},
	{
		"id": 21,
		"x": 201,
		"y": 552,
		"amount": 1,
		"respawn": 30
	},
	{
		"id": 17,
		"x": 104,
		"y": 1476,
		"amount": 1,
		"respawn": 30
	},
	{
		"id": 59,
		"x": 105,
		"y": 1476,
		"amount": 1,
		"respawn": 5
	},
	{
		"id": 62,
		"x": 107,
		"y": 1477,
		"amount": 1,
		"respawn": 30
	},
	{
		"id": 16,
		"x": 107,
		"y": 1478,
		"amount": 1,
		"respawn": 30
	},
	{
		"id": 537,
		"x": 362,
		"y": 1437,
		"amount": 1,
		"respawn": 100
	},
	{
		"id": 539,
		"x": 350,
		"y": 491,
		"amount": 1,
		"respawn": 60
	},
	{
		"id": 1093,
		"x": 58,
		"y": 2327,
		"amount": 1,
		"respawn": 30
	},
	{
		"id": 1100,
		"x": 167,
		"y": 524,
		"amount": 1,
		"respawn": 30
	},
	{
		"id": 1100,
		"x": 167,
		"y": 522,
		"amount": 1,
		"respawn": 30
	},
	{
		"id": 1100,
		"x": 165,
		"y": 523,
		"amount": 1,
		"respawn": 30
	},
	{
		"id": 1100,
		"x": 165,
		"y": 521,
		"amount": 1,
		"respawn": 30
	},
	{
		"id": 1100,
		"x": 163,
		"y": 522,
		"amount": 1,
		"respawn": 30
	},
	{
		"id": 1046,
		"x": 617,
		"y": 1435,
		"amount": 1,
		"respawn": 60
	},
	{
		"id": 21,
		"x": 616,
		"y": 640,
		"amount": 1,
		"respawn": 30
	},
	{
		"id": 716,
		"x": 619,
		"y": 3500,
		"amount": 1,
		"respawn": 30
	},
	{
		"id": 20,
		"x": 622,
		"y": 3499,
		"amount": 1,
		"respawn": 30
	},
	{
		"id": 20,
		"x": 622,
		"y": 3500,
		"amount": 1,
		"respawn": 30
	},
	{
		"id": 20,
		"x": 616,
		"y": 3497,
		"amount": 1,
		"respawn": 30
	},
	{
		"id": 20,
		"x": 613,
		"y": 3498,
		"amount": 1,
		"respawn": 30
	},
	{
		"id": 20,
		"x": 612,
		"y": 3498,
		"amount": 1,
		"respawn": 30
	},
	{
		"id": 20,
		"x": 612,
		"y": 3497,
		"amount": 1,
		"respawn": 30
	},
	{
		"id": 783,
		"x": 166,
		"y": 676,
		"amount": 6,
		"respawn": 30
	},
	{
		"id": 783,
		"x": 166,
		"y": 674,
		"amount": 6,
		"respawn": 30
	},
	{
		"id": 783,
		"x": 164,
		"y": 679,
		"amount": 6,
		"respawn": 30
	},
	{
		"id": 783,
		"x": 163,
		"y": 679,
		"amount": 6,
		"respawn": 30
	},
	{
		"id": 783,
		"x": 163,
		"y": 675,
		"amount": 6,
		"respawn": 30
	},
	{
		"id": 783,
		"x": 173,
		"y": 679,
		"amount": 6,
		"respawn": 30
	},
	{
		"id": 783,
		"x": 171,
		"y": 676,
		"amount": 6,
		"respawn": 30
	},
	{
		"id": 783,
		"x": 168,
		"y": 679,
		"amount": 6,
		"respawn": 30
	},
	{
		"id": 783,
		"x": 176,
		"y": 674,
		"amount": 6,
		"respawn": 30
	},
	{
		"id": 783,
		"x": 167,
		"y": 681,
		"amount": 6,
		"respawn": 30
	},
	{
		"id": 783,
		"x": 165,
		"y": 683,
		"amount": 6,
		"respawn": 30
	},
	{
		"id": 783,
		"x": 163,
		"y": 683,
		"amount": 6,
		"respawn": 30
	},
	{
		"id": 783,
		"x": 174,
		"y": 682,
		"amount": 6,
		"respawn": 30
	},
	{
		"id": 783,
		"x": 170,
		"y": 681,
		"amount": 6,
		"respawn": 30
	},
	{
		"id": 783,
		"x": 169,
		"y": 684,
		"amount": 6,
		"respawn": 30
	},
	{
		"id": 783,
		"x": 169,
		"y": 684,
		"amount": 6,
		"respawn": 30
	},
	{
		"id": 783,
		"x": 164,
		"y": 691,
		"amount": 6,
		"respawn": 30
	},
	{
		"id": 783,
		"x": 163,
		"y": 694,
		"amount": 6,
		"respawn": 30
	},
	{
		"id": 783,
		"x": 160,
		"y": 690,
		"amount": 6,
		"respawn": 30
	},
	{
		"id": 783,
		"x": 174,
		"y": 689,
		"amount": 6,
		"respawn": 30
	},
	{
		"id": 783,
		"x": 170,
		"y": 689,
		"amount": 6,
		"respawn": 30
	},
	{
		"id": 783,
		"x": 169,
		"y": 693,
		"amount": 6,
		"respawn": 30
	},
	{
		"id": 783,
		"x": 156,
		"y": 679,
		"amount": 6,
		"respawn": 30
	},
	{
		"id": 783,
		"x": 156,
		"y": 678,
		"amount": 6,
		"respawn": 30
	},
	{
		"id": 783,
		"x": 152,
		"y": 675,
		"amount": 6,
		"respawn": 30
	},
	{
		"id": 783,
		"x": 157,
		"y": 686,
		"amount": 6,
		"respawn": 30
	},
	{
		"id": 783,
		"x": 155,
		"y": 680,
		"amount": 6,
		"respawn": 30
	},
	{
		"id": 783,
		"x": 154,
		"y": 685,
		"amount": 6,
		"respawn": 30
	},
	{
		"id": 783,
		"x": 154,
		"y": 682,
		"amount": 6,
		"respawn": 30
	},
	{
		"id": 783,
		"x": 153,
		"y": 683,
		"amount": 6,
		"respawn": 30
	},
	{
		"id": 783,
		"x": 153,
		"y": 683,
		"amount": 1,
		"respawn": 30
	},
	{
		"id": 783,
		"x": 152,
		"y": 687,
		"amount": 6,
		"respawn": 30
	},
	{
		"id": 783,
		"x": 159,
		"y": 694,
		"amount": 6,
		"respawn": 30
	},
	{
		"id": 783,
		"x": 157,
		"y": 690,
		"amount": 6,
		"respawn": 30
	},
	{
		"id": 783,
		"x": 155,
		"y": 693,
		"amount": 6,
		"respawn": 30
	},
	{
		"id": 783,
		"x": 155,
		"y": 688,
		"amount": 6,
		"respawn": 30
	},
	{
		"id": 783,
		"x": 154,
		"y": 694,
		"amount": 6,
		"respawn": 30
	},
	{
		"id": 783,
		"x": 152,
		"y": 691,
		"amount": 6,
		"respawn": 30
	},
	{
		"id": 783,
		"x": 152,
		"y": 689,
		"amount": 6,
		"respawn": 30
	},
	{
		"id": 783,
		"x": 156,
		"y": 698,
		"amount": 6,
		"respawn": 30
	},
	{
		"id": 783,
		"x": 160,
		"y": 697,
		"amount": 6,
		"respawn": 30
	},
	{
		"id": 783,
		"x": 151,
		"y": 687,
		"amount": 6,
		"respawn": 30
	},
	{
		"id": 783,
		"x": 150,
		"y": 686,
		"amount": 6,
		"respawn": 30
	},
	{
		"id": 783,
		"x": 150,
		"y": 682,
		"amount": 6,
		"respawn": 30
	},
	{
		"id": 783,
		"x": 150,
		"y": 691,
		"amount": 6,
		"respawn": 30
	},
	{
		"id": 783,
		"x": 150,
		"y": 691,
		"amount": 6,
		"respawn": 30
	},
	{
		"id": 783,
		"x": 148,
		"y": 695,
		"amount": 6,
		"respawn": 30
	},
	{
		"id": 783,
		"x": 146,
		"y": 688,
		"amount": 6,
		"respawn": 30
	},
	{
		"id": 783,
		"x": 150,
		"y": 699,
		"amount": 6,
		"respawn": 30
	},
	{
		"id": 135,
		"x": 176,
		"y": 657,
		"amount": 1,
		"respawn": 30
	},
	{
		"id": 769,
		"x": 487,
		"y": 614,
		"amount": 1,
		"respawn": 30
	},
	{
		"id": 769,
		"x": 487,
		"y": 610,
		"amount": 1,
		"respawn": 30
	},
	{
		"id": 778,
		"x": 485,
		"y": 614,
		"amount": 1,
		"respawn": 30
	},
	{
		"id": 769,
		"x": 485,
		"y": 612,
		"amount": 1,
		"respawn": 30
	},
	{
		"id": 769,
		"x": 484,
		"y": 612,
		"amount": 1,
		"respawn": 30
	},
	{
		"id": 776,
		"x": 482,
		"y": 615,
		"amount": 1,
		"respawn": 30
	},
	{
		"id": 769,
		"x": 495,
		"y": 615,
		"amount": 1,
		"respawn": 30
	},
	{
		"id": 769,
		"x": 493,
		"y": 614,
		"amount": 1,
		"respawn": 30
	},
	{
		"id": 769,
		"x": 492,
		"y": 615,
		"amount": 1,
		"respawn": 30
	},
	{
		"id": 769,
		"x": 490,
		"y": 615,
		"amount": 1,
		"respawn": 30
	},
	{
		"id": 769,
		"x": 490,
		"y": 611,
		"amount": 1,
		"respawn": 30
	},
	{
		"id": 769,
		"x": 490,
		"y": 610,
		"amount": 1,
		"respawn": 30
	},
	{
		"id": 769,
		"x": 489,
		"y": 614,
		"amount": 1,
		"respawn": 30
	},
	{
		"id": 769,
		"x": 489,
		"y": 611,
		"amount": 1,
		"respawn": 30
	},
	{
		"id": 769,
		"x": 489,
		"y": 610,
		"amount": 1,
		"respawn": 30
	},
	{
		"id": 769,
		"x": 489,
		"y": 609,
		"amount": 1,
		"respawn": 30
	},
	{
		"id": 776,
		"x": 488,
		"y": 609,
		"amount": 1,
		"respawn": 30
	},
	{
		"id": 769,
		"x": 495,
		"y": 616,
		"amount": 1,
		"respawn": 30
	},
	{
		"id": 769,
		"x": 492,
		"y": 619,
		"amount": 1,
		"respawn": 30
	},
	{
		"id": 769,
		"x": 491,
		"y": 629,
		"amount": 1,
		"respawn": 39
	},
	{
		"id": 769,
		"x": 488,
		"y": 619,
		"amount": 1,
		"respawn": 30
	},
	{
		"id": 769,
		"x": 498,
		"y": 615,
		"amount": 1,
		"respawn": 30
	},
	{
		"id": 769,
		"x": 497,
		"y": 614,
		"amount": 1,
		"respawn": 30
	},
	{
		"id": 769,
		"x": 496,
		"y": 614,
		"amount": 1,
		"respawn": 30
	},
	{
		"id": 769,
		"x": 487,
		"y": 1564,
		"amount": 1,
		"respawn": 30
	},
	{
		"id": 769,
		"x": 487,
		"y": 1563,
		"amount": 1,
		"respawn": 30
	},
	{
		"id": 769,
		"x": 487,
		"y": 1561,
		"amount": 1,
		"respawn": 30
	},
	{
		"id": 769,
		"x": 495,
		"y": 1559,
		"amount": 1,
		"respawn": 39
	},
	{
		"id": 769,
		"x": 494,
		"y": 1564,
		"amount": 1,
		"respawn": 30
	},
	{
		"id": 769,
		"x": 493,
		"y": 1563,
		"amount": 1,
		"respawn": 30
	},
	{
		"id": 769,
		"x": 492,
		"y": 1564,
		"amount": 1,
		"respawn": 30
	},
	{
		"id": 769,
		"x": 491,
		"y": 1564,
		"amount": 1,
		"respawn": 30
	},
	{
		"id": 769,
		"x": 490,
		"y": 1563,
		"amount": 1,
		"respawn": 30
	},
	{
		"id": 769,
		"x": 490,
		"y": 1562,
		"amount": 1,
		"respawn": 30
	},
	{
		"id": 769,
		"x": 490,
		"y": 1561,
		"amount": 1,
		"respawn": 30
	},
	{
		"id": 769,
		"x": 489,
		"y": 1564,
		"amount": 1,
		"respawn": 30
	},
	{
		"id": 769,
		"x": 489,
		"y": 1563,
		"amount": 1,
		"respawn": 30
	},
	{
		"id": 769,
		"x": 489,
		"y": 1562,
		"amount": 1,
		"respawn": 30
	},
	{
		"id": 769,
		"x": 488,
		"y": 1564,
		"amount": 1,
		"respawn": 30
	},
	{
		"id": 769,
		"x": 488,
		"y": 1562,
		"amount": 1,
		"respawn": 30
	},
	{
		"id": 410,
		"x": 488,
		"y": 540,
		"amount": 1,
		"respawn": 15
	},
	{
		"id": 410,
		"x": 486,
		"y": 540,
		"amount": 1,
		"respawn": 15
	},
	{
		"id": 410,
		"x": 486,
		"y": 539,
		"amount": 1,
		"respawn": 15
	},
	{
		"id": 410,
		"x": 485,
		"y": 540,
		"amount": 1,
		"respawn": 15
	},
	{
		"id": 1025,
		"x": 715,
		"y": 680,
		"amount": 1,
		"respawn": 30
	},
	{
		"id": 20,
		"x": 696,
		"y": 3511,
		"amount": 1,
		"respawn": 30
	},
	{
		"id": 20,
		"x": 698,
		"y": 3512,
		"amount": 1,
		"respawn": 30
	},
	{
		"id": 20,
		"x": 697,
		"y": 3527,
		"amount": 1,
		"respawn": 30
	},
	{
		"id": 20,
		"x": 711,
		"y": 3511,
		"amount": 1,
		"respawn": 30
	},
	{
		"id": 20,
		"x": 711,
		"y": 3515,
		"amount": 1,
		"respawn": 30
	},
	{
		"id": 20,
		"x": 709,
		"y": 3516,
		"amount": 1,
		"respawn": 30
	},
	{
		"id": 168,
		"x": 707,
		"y": 3520,
		"amount": 1,
		"respawn": 30
	},
	{
		"id": 20,
		"x": 714,
		"y": 3505,
		"amount": 1,
		"respawn": 30
	},
	{
		"id": 20,
		"x": 712,
		"y": 3510,
		"amount": 1,
		"respawn": 30
	},
	{
		"id": 20,
		"x": 713,
		"y": 3518,
		"amount": 1,
		"respawn": 30
	},
	{
		"id": 20,
		"x": 713,
		"y": 3513,
		"amount": 1,
		"respawn": 30
	},
	{
		"id": 20,
		"x": 673,
		"y": 3511,
		"amount": 1,
		"respawn": 30
	},
	{
		"id": 20,
		"x": 682,
		"y": 3534,
		"amount": 1,
		"respawn": 30
	},
	{
		"id": 20,
		"x": 678,
		"y": 3527,
		"amount": 1,
		"respawn": 30
	},
	{
		"id": 20,
		"x": 690,
		"y": 3536,
		"amount": 1,
		"respawn": 30
	},
	{
		"id": 20,
		"x": 676,
		"y": 3550,
		"amount": 1,
		"respawn": 30
	},
	{
		"id": 20,
		"x": 718,
		"y": 3543,
		"amount": 1,
		"respawn": 30
	},
	{
		"id": 20,
		"x": 706,
		"y": 3538,
		"amount": 1,
		"respawn": 30
	},
	{
		"id": 20,
		"x": 690,
		"y": 3516,
		"amount": 1,
		"respawn": 30
	},
	{
		"id": 20,
		"x": 692,
		"y": 3514,
		"amount": 1,
		"respawn": 30
	},
	{
		"id": 568,
		"x": 710,
		"y": 695,
		"amount": 1,
		"respawn": 30
	},
	{
		"id": 469,
		"x": 358,
		"y": 615,
		"amount": 1,
		"respawn": 30
	},
	{
		"id": 765,
		"x": 544,
		"y": 453,
		"amount": 1,
		"respawn": 30
	},
	{
		"id": 765,
		"x": 544,
		"y": 460,
		"amount": 1,
		"respawn": 30
	},
	{
		"id": 765,
		"x": 566,
		"y": 457,
		"amount": 1,
		"respawn": 30
	},
	{
		"id": 765,
		"x": 564,
		"y": 443,
		"amount": 1,
		"respawn": 30
	},
	{
		"id": 767,
		"x": 615,
		"y": 577,
		"amount": 1,
		"respawn": 30
	},
	{
		"id": 211,
		"x": 614,
		"y": 577,
		"amount": 1,
		"respawn": 30
	},
	{
		"id": 138,
		"x": 644,
		"y": 565,
		"amount": 1,
		"respawn": 30
	},
	{
		"id": 516,
		"x": 622,
		"y": 631,
		"amount": 1,
		"respawn": 30
	},
	{
		"id": 467,
		"x": 368,
		"y": 3352,
		"amount": 1,
		"respawn": 30
	},
	{
		"id": 467,
		"x": 372,
		"y": 3354,
		"amount": 1,
		"respawn": 30
	},
	{
		"id": 467,
		"x": 368,
		"y": 3356,
		"amount": 1,
		"respawn": 30
	},
	{
		"id": 467,
		"x": 368,
		"y": 3350,
		"amount": 1,
		"respawn": 30
	},
	{
		"id": 706,
		"x": 563,
		"y": 600,
		"amount": 1,
		"respawn": 30
	},
	{
		"id": 1205,
		"x": 485,
		"y": 389,
		"amount": 1,
		"respawn": 1
	},
	{
		"id": 1204,
		"x": 484,
		"y": 388,
		"amount": 1,
		"respawn": 1
	},
	{
		"id": 731,
		"x": 592,
		"y": 3483,
		"amount": 1,
		"respawn": 30
	},
	{
		"id": 7,
		"x": 589,
		"y": 3481,
		"amount": 1,
		"respawn": 30
	},
	{
		"id": 730,
		"x": 579,
		"y": 3474,
		"amount": 1,
		"respawn": 30
	},
	{
		"id": 728,
		"x": 609,
		"y": 3465,
		"amount": 1,
		"respawn": 30
	},
	{
		"id": 727,
		"x": 583,
		"y": 3456,
		"amount": 1,
		"respawn": 30
	},
	{
		"id": 729,
		"x": 616,
		"y": 3484,
		"amount": 1,
		"respawn": 30
	},
	{
		"id": 738,
		"x": 388,
		"y": 24,
		"amount": 1,
		"respawn": 30
	},
	{
		"id": 738,
		"x": 426,
		"y": 15,
		"amount": 1,
		"respawn": 30
	},
	{
		"id": 738,
		"x": 421,
		"y": 976,
		"amount": 1,
		"respawn": 30
	},
	{
		"id": 746,
		"x": 418,
		"y": 1924,
		"amount": 1,
		"respawn": 30
	},
	{
		"id": 738,
		"x": 517,
		"y": 976,
		"amount": 1,
		"respawn": 30
	},
	{
		"id": 746,
		"x": 514,
		"y": 1924,
		"amount": 1,
		"respawn": 30
	},
	{
		"id": 1285,
		"x": 89,
		"y": 516,
		"amount": 1,
		"respawn": 30
	},
	{
		"id": 14,
		"x": 221,
		"y": 622,
		"amount": 1,
		"respawn": 15
	},
	{
		"id": 82,
		"x": 316,
		"y": 1608,
		"amount": 1,
		"respawn": 60
	},
	{
		"id": 14,
		"x": 326,
		"y": 670,
		"amount": 1,
		"respawn": 15
	},
	{
		"id": 14,
		"x": 325,
		"y": 670,
		"amount": 1,
		"respawn": 15
	},
	{
		"id": 11,
		"x": 323,
		"y": 667,
		"amount": 1,
		"respawn": 15
	},
	{
		"id": 11,
		"x": 334,
		"y": 1509,
		"amount": 2,
		"respawn": 15
	},
	{
		"id": 87,
		"x": 310,
		"y": 1465,
		"amount": 1,
		"respawn": 45
	},
	{
		"id": 21,
		"x": 320,
		"y": 442,
		"amount": 1,
		"respawn": 15
	},
	{
		"id": 113,
		"x": 298,
		"y": 3344,
		"amount": 1,
		"respawn": 60
	},
	{
		"id": 14,
		"x": 70,
		"y": 446,
		"amount": 1,
		"respawn": 15
	},
	{
		"id": 14,
		"x": 67,
		"y": 441,
		"amount": 1,
		"respawn": 15
	},
	{
		"id": 14,
		"x": 64,
		"y": 446,
		"amount": 1,
		"respawn": 15
	},
	{
		"id": 14,
		"x": 57,
		"y": 444,
		"amount": 1,
		"respawn": 15
	},
	{
		"id": 14,
		"x": 62,
		"y": 448,
		"amount": 1,
		"respawn": 15
	},
	{
		"id": 14,
		"x": 59,
		"y": 451,
		"amount": 1,
		"respawn": 15
	},
	{
		"id": 14,
		"x": 62,
		"y": 435,
		"amount": 1,
		"respawn": 15
	},
	{
		"id": 14,
		"x": 56,
		"y": 438,
		"amount": 1,
		"respawn": 15
	},
	{
		"id": 14,
		"x": 71,
		"y": 436,
		"amount": 1,
		"respawn": 15
	},
	{
		"id": 14,
		"x": 69,
		"y": 433,
		"amount": 1,
		"respawn": 15
	},
	{
		"id": 14,
		"x": 68,
		"y": 436,
		"amount": 1,
		"respawn": 15
	},
	{
		"id": 14,
		"x": 64,
		"y": 433,
		"amount": 1,
		"respawn": 15
	},
	{
		"id": 14,
		"x": 54,
		"y": 433,
		"amount": 1,
		"respawn": 15
	},
	{
		"id": 14,
		"x": 51,
		"y": 441,
		"amount": 1,
		"respawn": 15
	},
	{
		"id": 412,
		"x": 310,
		"y": 410,
		"amount": 1,
		"respawn": 15
	},
	{
		"id": 335,
		"x": 519,
		"y": 663,
		"amount": 1,
		"respawn": 10
	},
	{
		"id": 10,
		"x": 367,
		"y": 3354,
		"amount": 1,
		"respawn": 15
	},
	{
		"id": 10,
		"x": 370,
		"y": 3351,
		"amount": 1,
		"respawn": 15
	},
	{
		"id": 10,
		"x": 371,
		"y": 3356,
		"amount": 1,
		"respawn": 15
	},
	{
		"id": 10,
		"x": 350,
		"y": 3322,
		"amount": 4,
		"respawn": 60
	},
	{
		"id": 10,
		"x": 351,
		"y": 3336,
		"amount": 2,
		"respawn": 60
	},
	{
		"id": 31,
		"x": 460,
		"y": 1385,
		"amount": 2,
		"respawn": 15
	},
	{
		"id": 18,
		"x": 497,
		"y": 401,
		"amount": 1,
		"respawn": 10
	},
	{
		"id": 18,
		"x": 497,
		"y": 400,
		"amount": 1,
		"respawn": 10
	},
	{
		"id": 18,
		"x": 497,
		"y": 398,
		"amount": 1,
		"respawn": 10
	},
	{
		"id": 18,
		"x": 497,
		"y": 397,
		"amount": 1,
		"respawn": 10
	},
	{
		"id": 621,
		"x": 558,
		"y": 483,
		"amount": 1,
		"respawn": 60
	},
	{
		"id": 252,
		"x": 561,
		"y": 549,
		"amount": 1,
		"respawn": 5
	},
	{
		"id": 341,
		"x": 547,
		"y": 531,
		"amount": 1,
		"respawn": 5
	},
	{
		"id": 379,
		"x": 588,
		"y": 519,
		"amount": 1,
		"respawn": 15
	},
	{
		"id": 427,
		"x": 612,
		"y": 2488,
		"amount": 1,
		"respawn": 120
	},
	{
		"id": 10,
		"x": 617,
		"y": 3483,
		"amount": 1,
		"respawn": 10
	},
	{
		"id": 20,
		"x": 614,
		"y": 3483,
		"amount": 1,
		"respawn": 12
	},
	{
		"id": 13,
		"x": 612,
		"y": 3482,
		"amount": 1,
		"respawn": 10
	},
	{
		"id": 604,
		"x": 606,
		"y": 3484,
		"amount": 1,
		"respawn": 15
	},
	{
		"id": 20,
		"x": 640,
		"y": 648,
		"amount": 1,
		"respawn": 30
	},
	{
		"id": 20,
		"x": 647,
		"y": 653,
		"amount": 1,
		"respawn": 30
	},
	{
		"id": 20,
		"x": 654,
		"y": 653,
		"amount": 1,
		"respawn": 30
	},
	{
		"id": 20,
		"x": 643,
		"y": 651,
		"amount": 1,
		"respawn": 30
	},
	{
		"id": 20,
		"x": 642,
		"y": 649,
		"amount": 1,
		"respawn": 30
	},
	{
		"id": 20,
		"x": 638,
		"y": 644,
		"amount": 1,
		"respawn": 30
	},
	{
		"id": 20,
		"x": 637,
		"y": 644,
		"amount": 1,
		"respawn": 30
	},
	{
		"id": 20,
		"x": 635,
		"y": 641,
		"amount": 1,
		"respawn": 30
	},
	{
		"id": 20,
		"x": 634,
		"y": 639,
		"amount": 1,
		"respawn": 30
	},
	{
		"id": 20,
		"x": 643,
		"y": 640,
		"amount": 1,
		"respawn": 30
	},
	{
		"id": 20,
		"x": 644,
		"y": 642,
		"amount": 1,
		"respawn": 30
	},
	{
		"id": 20,
		"x": 646,
		"y": 645,
		"amount": 1,
		"respawn": 30
	},
	{
		"id": 20,
		"x": 667,
		"y": 646,
		"amount": 1,
		"respawn": 30
	},
	{
		"id": 20,
		"x": 667,
		"y": 648,
		"amount": 1,
		"respawn": 30
	},
	{
		"id": 20,
		"x": 663,
		"y": 649,
		"amount": 1,
		"respawn": 30
	},
	{
		"id": 20,
		"x": 665,
		"y": 643,
		"amount": 1,
		"respawn": 30
	},
	{
		"id": 20,
		"x": 664,
		"y": 641,
		"amount": 1,
		"respawn": 30
	},
	{
		"id": 20,
		"x": 699,
		"y": 651,
		"amount": 1,
		"respawn": 30
	},
	{
		"id": 20,
		"x": 699,
		"y": 652,
		"amount": 1,
		"respawn": 30
	},
	{
		"id": 20,
		"x": 698,
		"y": 648,
		"amount": 1,
		"respawn": 30
	},
	{
		"id": 20,
		"x": 701,
		"y": 650,
		"amount": 1,
		"respawn": 30
	},
	{
		"id": 20,
		"x": 700,
		"y": 647,
		"amount": 1,
		"respawn": 30
	},
	{
		"id": 20,
		"x": 691,
		"y": 656,
		"amount": 1,
		"respawn": 30
	},
	{
		"id": 20,
		"x": 690,
		"y": 649,
		"amount": 1,
		"respawn": 30
	},
	{
		"id": 20,
		"x": 694,
		"y": 652,
		"amount": 1,
		"respawn": 30
	},
	{
		"id": 20,
		"x": 691,
		"y": 651,
		"amount": 1,
		"respawn": 30
	},
	{
		"id": 20,
		"x": 691,
		"y": 652,
		"amount": 1,
		"respawn": 30
	},
	{
		"id": 20,
		"x": 690,
		"y": 652,
		"amount": 1,
		"respawn": 30
	},
	{
		"id": 20,
		"x": 690,
		"y": 655,
		"amount": 1,
		"respawn": 30
	},
	{
		"id": 20,
		"x": 691,
		"y": 654,
		"amount": 1,
		"respawn": 30
	},
	{
		"id": 20,
		"x": 692,
		"y": 653,
		"amount": 1,
		"respawn": 30
	},
	{
		"id": 20,
		"x": 688,
		"y": 655,
		"amount": 1,
		"respawn": 30
	},
	{
		"id": 20,
		"x": 687,
		"y": 657,
		"amount": 1,
		"respawn": 30
	},
	{
		"id": 20,
		"x": 642,
		"y": 645,
		"amount": 1,
		"respawn": 30
	},
	{
		"id": 20,
		"x": 643,
		"y": 631,
		"amount": 1,
		"respawn": 30
	},
	{
		"id": 20,
		"x": 642,
		"y": 630,
		"amount": 1,
		"respawn": 30
	},
	{
		"id": 20,
		"x": 650,
		"y": 640,
		"amount": 1,
		"respawn": 30
	},
	{
		"id": 20,
		"x": 646,
		"y": 639,
		"amount": 1,
		"respawn": 30
	},
	{
		"id": 20,
		"x": 646,
		"y": 638,
		"amount": 1,
		"respawn": 30
	},
	{
		"id": 20,
		"x": 649,
		"y": 638,
		"amount": 1,
		"respawn": 30
	},
	{
		"id": 20,
		"x": 646,
		"y": 634,
		"amount": 1,
		"respawn": 30
	},
	{
		"id": 4,
		"x": 650,
		"y": 650,
		"amount": 1,
		"respawn": 15
	},
	{
		"id": 4,
		"x": 657,
		"y": 650,
		"amount": 1,
		"respawn": 15
	},
	{
		"id": 15,
		"x": 645,
		"y": 650,
		"amount": 1,
		"respawn": 20
	},
	{
		"id": 5,
		"x": 665,
		"y": 647,
		"amount": 1,
		"respawn": 20
	},
	{
		"id": 134,
		"x": 691,
		"y": 640,
		"amount": 1,
		"respawn": 10
	},
	{
		"id": 412,
		"x": 693,
		"y": 647,
		"amount": 1,
		"respawn": 15
	},
	{
		"id": 412,
		"x": 692,
		"y": 652,
		"amount": 1,
		"respawn": 15
	},
	{
		"id": 412,
		"x": 691,
		"y": 650,
		"amount": 1,
		"respawn": 15
	},
	{
		"id": 412,
		"x": 689,
		"y": 652,
		"amount": 1,
		"respawn": 15
	},
	{
		"id": 412,
		"x": 698,
		"y": 649,
		"amount": 1,
		"respawn": 15
	},
	{
		"id": 412,
		"x": 701,
		"y": 648,
		"amount": 1,
		"respawn": 15
	},
	{
		"id": 412,
		"x": 700,
		"y": 651,
		"amount": 1,
		"respawn": 15
	},
	{
		"id": 625,
		"x": 696,
		"y": 678,
		"amount": 1,
		"respawn": 20
	},
	{
		"id": 20,
		"x": 661,
		"y": 853,
		"amount": 1,
		"respawn": 30
	},
	{
		"id": 20,
		"x": 661,
		"y": 852,
		"amount": 1,
		"respawn": 30
	},
	{
		"id": 20,
		"x": 660,
		"y": 853,
		"amount": 1,
		"respawn": 30
	},
	{
		"id": 20,
		"x": 659,
		"y": 855,
		"amount": 1,
		"respawn": 30
	},
	{
		"id": 38,
		"x": 583,
		"y": 856,
		"amount": 1,
		"respawn": 30
	},
	{
		"id": 20,
		"x": 607,
		"y": 800,
		"amount": 1,
		"respawn": 30
	},
	{
		"id": 20,
		"x": 608,
		"y": 804,
		"amount": 1,
		"respawn": 30
	},
	{
		"id": 20,
		"x": 607,
		"y": 798,
		"amount": 1,
		"respawn": 30
	},
	{
		"id": 20,
		"x": 607,
		"y": 792,
		"amount": 1,
		"respawn": 30
	},
	{
		"id": 20,
		"x": 605,
		"y": 798,
		"amount": 1,
		"respawn": 30
	},
	{
		"id": 20,
		"x": 605,
		"y": 797,
		"amount": 1,
		"respawn": 30
	},
	{
		"id": 20,
		"x": 604,
		"y": 795,
		"amount": 1,
		"respawn": 30
	},
	{
		"id": 20,
		"x": 608,
		"y": 796,
		"amount": 1,
		"respawn": 30
	},
	{
		"id": 411,
		"x": 69,
		"y": 329,
		"amount": 1,
		"respawn": 15
	},
	{
		"id": 411,
		"x": 63,
		"y": 318,
		"amount": 1,
		"respawn": 15
	},
	{
		"id": 410,
		"x": 71,
		"y": 328,
		"amount": 1,
		"respawn": 15
	},
	{
		"id": 410,
		"x": 59,
		"y": 324,
		"amount": 1,
		"respawn": 15
	},
	{
		"id": 410,
		"x": 63,
		"y": 322,
		"amount": 1,
		"respawn": 15
	},
	{
		"id": 410,
		"x": 68,
		"y": 325,
		"amount": 1,
		"respawn": 15
	},
	{
		"id": 410,
		"x": 67,
		"y": 320,
		"amount": 1,
		"respawn": 15
	},
	{
		"id": 410,
		"x": 66,
		"y": 317,
		"amount": 1,
		"respawn": 15
	},
	{
		"id": 35,
		"x": 71,
		"y": 284,
		"amount": 6,
		"respawn": 15
	},
	{
		"id": 413,
		"x": 96,
		"y": 279,
		"amount": 1,
		"respawn": 15
	},
	{
		"id": 413,
		"x": 116,
		"y": 268,
		"amount": 1,
		"respawn": 15
	},
	{
		"id": 413,
		"x": 131,
		"y": 278,
		"amount": 1,
		"respawn": 60
	},
	{
		"id": 412,
		"x": 123,
		"y": 263,
		"amount": 1,
		"respawn": 15
	},
	{
		"id": 412,
		"x": 137,
		"y": 261,
		"amount": 1,
		"respawn": 15
	},
	{
		"id": 63,
		"x": 63,
		"y": 256,
		"amount": 1,
		"respawn": 15
	},
	{
		"id": 36,
		"x": 113,
		"y": 385,
		"amount": 2,
		"respawn": 15
	},
	{
		"id": 36,
		"x": 109,
		"y": 391,
		"amount": 2,
		"respawn": 15
	},
	{
		"id": 36,
		"x": 109,
		"y": 399,
		"amount": 2,
		"respawn": 15
	},
	{
		"id": 10,
		"x": 113,
		"y": 405,
		"amount": 2,
		"respawn": 15
	},
	{
		"id": 60,
		"x": 73,
		"y": 281,
		"amount": 1,
		"respawn": 15
	},
	{
		"id": 152,
		"x": 173,
		"y": 250,
		"amount": 1,
		"respawn": 15
	},
	{
		"id": 423,
		"x": 161,
		"y": 201,
		"amount": 1,
		"respawn": 120
	},
	{
		"id": 10,
		"x": 133,
		"y": 203,
		"amount": 8,
		"respawn": 15
	},
	{
		"id": 10,
		"x": 131,
		"y": 201,
		"amount": 6,
		"respawn": 15
	},
	{
		"id": 465,
		"x": 151,
		"y": 184,
		"amount": 1,
		"respawn": 5
	},
	{
		"id": 465,
		"x": 156,
		"y": 190,
		"amount": 1,
		"respawn": 5
	},
	{
		"id": 411,
		"x": 304,
		"y": 295,
		"amount": 1,
		"respawn": 5
	},
	{
		"id": 411,
		"x": 315,
		"y": 294,
		"amount": 1,
		"respawn": 5
	},
	{
		"id": 411,
		"x": 315,
		"y": 292,
		"amount": 1,
		"respawn": 5
	},
	{
		"id": 411,
		"x": 314,
		"y": 292,
		"amount": 1,
		"respawn": 5
	},
	{
		"id": 411,
		"x": 329,
		"y": 293,
		"amount": 1,
		"respawn": 5
	},
	{
		"id": 411,
		"x": 307,
		"y": 302,
		"amount": 1,
		"respawn": 5
	},
	{
		"id": 411,
		"x": 306,
		"y": 303,
		"amount": 1,
		"respawn": 5
	},
	{
		"id": 411,
		"x": 318,
		"y": 299,
		"amount": 1,
		"respawn": 5
	},
	{
		"id": 411,
		"x": 312,
		"y": 298,
		"amount": 1,
		"respawn": 5
	},
	{
		"id": 411,
		"x": 312,
		"y": 298,
		"amount": 1,
		"respawn": 5
	},
	{
		"id": 411,
		"x": 323,
		"y": 299,
		"amount": 1,
		"respawn": 5
	},
	{
		"id": 411,
		"x": 319,
		"y": 304,
		"amount": 1,
		"respawn": 5
	},
	{
		"id": 411,
		"x": 315,
		"y": 304,
		"amount": 1,
		"respawn": 5
	},
	{
		"id": 411,
		"x": 325,
		"y": 309,
		"amount": 1,
		"respawn": 5
	},
	{
		"id": 411,
		"x": 320,
		"y": 311,
		"amount": 1,
		"respawn": 5
	},
	{
		"id": 411,
		"x": 318,
		"y": 313,
		"amount": 1,
		"respawn": 5
	},
	{
		"id": 411,
		"x": 297,
		"y": 309,
		"amount": 1,
		"respawn": 5
	},
	{
		"id": 380,
		"x": 317,
		"y": 291,
		"amount": 1,
		"respawn": 5
	},
	{
		"id": 380,
		"x": 318,
		"y": 301,
		"amount": 1,
		"respawn": 5
	},
	{
		"id": 376,
		"x": 315,
		"y": 293,
		"amount": 1,
		"respawn": 10
	},
	{
		"id": 338,
		"x": 324,
		"y": 303,
		"amount": 1,
		"respawn": 15
	},
	{
		"id": 410,
		"x": 313,
		"y": 294,
		"amount": 1,
		"respawn": 5
	},
	{
		"id": 410,
		"x": 330,
		"y": 292,
		"amount": 1,
		"respawn": 5
	},
	{
		"id": 410,
		"x": 304,
		"y": 302,
		"amount": 1,
		"respawn": 5
	},
	{
		"id": 410,
		"x": 324,
		"y": 302,
		"amount": 1,
		"respawn": 5
	},
	{
		"id": 410,
		"x": 322,
		"y": 298,
		"amount": 1,
		"respawn": 5
	},
	{
		"id": 410,
		"x": 320,
		"y": 303,
		"amount": 1,
		"respawn": 5
	},
	{
		"id": 410,
		"x": 310,
		"y": 306,
		"amount": 1,
		"respawn": 5
	},
	{
		"id": 410,
		"x": 319,
		"y": 309,
		"amount": 1,
		"respawn": 5
	},
	{
		"id": 410,
		"x": 314,
		"y": 305,
		"amount": 1,
		"respawn": 5
	},
	{
		"id": 410,
		"x": 326,
		"y": 307,
		"amount": 1,
		"respawn": 5
	},
	{
		"id": 410,
		"x": 322,
		"y": 307,
		"amount": 1,
		"respawn": 5
	},
	{
		"id": 410,
		"x": 316,
		"y": 312,
		"amount": 1,
		"respawn": 5
	},
	{
		"id": 410,
		"x": 326,
		"y": 312,
		"amount": 1,
		"respawn": 5
	},
	{
		"id": 410,
		"x": 303,
		"y": 299,
		"amount": 1,
		"respawn": 5
	},
	{
		"id": 410,
		"x": 303,
		"y": 299,
		"amount": 1,
		"respawn": 5
	},
	{
		"id": 410,
		"x": 303,
		"y": 297,
		"amount": 1,
		"respawn": 5
	},
	{
		"id": 410,
		"x": 301,
		"y": 304,
		"amount": 1,
		"respawn": 5
	},
	{
		"id": 10,
		"x": 321,
		"y": 309,
		"amount": 5,
		"respawn": 15
	},
	{
		"id": 10,
		"x": 317,
		"y": 310,
		"amount": 4,
		"respawn": 15
	},
	{
		"id": 10,
		"x": 323,
		"y": 313,
		"amount": 4,
		"respawn": 15
	},
	{
		"id": 10,
		"x": 326,
		"y": 311,
		"amount": 5,
		"respawn": 15
	},
	{
		"id": 20,
		"x": 321,
		"y": 300,
		"amount": 1,
		"respawn": 15
	},
	{
		"id": 20,
		"x": 328,
		"y": 298,
		"amount": 1,
		"respawn": 15
	},
	{
		"id": 412,
		"x": 312,
		"y": 412,
		"amount": 1,
		"respawn": 30
	},
	{
		"id": 6,
		"x": 242,
		"y": 198,
		"amount": 1,
		"respawn": 84
	},
	{
		"id": 410,
		"x": 191,
		"y": 312,
		"amount": 1,
		"respawn": 5
	},
	{
		"id": 410,
		"x": 187,
		"y": 321,
		"amount": 1,
		"respawn": 5
	},
	{
		"id": 410,
		"x": 171,
		"y": 321,
		"amount": 1,
		"respawn": 5
	},
	{
		"id": 410,
		"x": 169,
		"y": 322,
		"amount": 1,
		"respawn": 5
	},
	{
		"id": 410,
		"x": 160,
		"y": 314,
		"amount": 1,
		"respawn": 5
	},
	{
		"id": 410,
		"x": 166,
		"y": 315,
		"amount": 1,
		"respawn": 5
	},
	{
		"id": 410,
		"x": 161,
		"y": 320,
		"amount": 1,
		"respawn": 5
	},
	{
		"id": 411,
		"x": 177,
		"y": 316,
		"amount": 1,
		"respawn": 15
	},
	{
		"id": 411,
		"x": 183,
		"y": 324,
		"amount": 1,
		"respawn": 15
	},
	{
		"id": 411,
		"x": 175,
		"y": 324,
		"amount": 1,
		"respawn": 15
	},
	{
		"id": 5,
		"x": 170,
		"y": 310,
		"amount": 1,
		"respawn": 84
	},
	{
		"id": 63,
		"x": 181,
		"y": 315,
		"amount": 1,
		"respawn": 84
	},
	{
		"id": 2,
		"x": 120,
		"y": 222,
		"amount": 1,
		"respawn": 84
	},
	{
		"id": 156,
		"x": 319,
		"y": 659,
		"amount": 1,
		"respawn": 30
	},
	{
		"id": 152,
		"x": 495,
		"y": 659,
		"amount": 1,
		"respawn": 60
	},
	{
		"id": 920,
		"x": 714,
		"y": 1418,
		"amount": 1,
		"respawn": 10
	},
	{
		"id": 801,
		"x": 650,
		"y": 564,
		"amount": 1,
		"respawn": 10
	},
	{
		"id": 801,
		"x": 642,
		"y": 565,
		"amount": 1,
		"respawn": 10
	},
	{
		"id": 167,
		"x": 631,
		"y": 593,
		"amount": 1,
		"respawn": 45
	},
	{
		"id": 13,
		"x": 631,
		"y": 595,
		"amount": 1,
		"respawn": 45
	},
	{
		"id": 181,
		"x": 634,
		"y": 598,
		"amount": 1,
		"respawn": 30
	},
	{
		"id": 181,
		"x": 633,
		"y": 600,
		"amount": 1,
		"respawn": 30
	},
	{
		"id": 181,
		"x": 635,
		"y": 601,
		"amount": 1,
		"respawn": 30
	},
	{
		"id": 411,
		"x": 678,
		"y": 569,
		"amount": 1,
		"respawn": 30
	},
	{
		"id": 411,
		"x": 687,
		"y": 570,
		"amount": 1,
		"respawn": 30
	},
	{
		"id": 411,
		"x": 688,
		"y": 567,
		"amount": 1,
		"respawn": 30
	},
	{
		"id": 411,
		"x": 280,
		"y": 2963,
		"amount": 1,
		"respawn": 30
	},
	{
		"id": 476,
		"x": 276,
		"y": 2961,
		"amount": 1,
		"respawn": 60
	},
	{
		"id": 444,
		"x": 269,
		"y": 2967,
		"amount": 1,
		"respawn": 45
	},
	{
		"id": 936,
		"x": 658,
		"y": 760,
		"amount": 1,
		"respawn": 40
	},
	{
		"id": 936,
		"x": 660,
		"y": 762,
		"amount": 1,
		"respawn": 40
	},
	{
		"id": 936,
		"x": 663,
		"y": 755,
		"amount": 1,
		"respawn": 40
	},
	{
		"id": 936,
		"x": 658,
		"y": 757,
		"amount": 1,
		"respawn": 40
	},
	{
		"id": 20,
		"x": 596,
		"y": 695,
		"amount": 1,
		"respawn": 60
	},
	{
		"id": 20,
		"x": 665,
		"y": 760,
		"amount": 1,
		"respawn": 30
	},
	{
		"id": 20,
		"x": 664,
		"y": 762,
		"amount": 1,
		"respawn": 30
	},
	{
		"id": 20,
		"x": 660,
		"y": 735,
		"amount": 1,
		"respawn": 30
	},
	{
		"id": 20,
		"x": 659,
		"y": 734,
		"amount": 1,
		"respawn": 30
	},
	{
		"id": 20,
		"x": 664,
		"y": 735,
		"amount": 1,
		"respawn": 30
	},
	{
		"id": 722,
		"x": 543,
		"y": 3374,
		"amount": 1,
		"respawn": 30
	},
	{
		"id": 724,
		"x": 551,
		"y": 3327,
		"amount": 1,
		"respawn": 45
	},
	{
		"id": 723,
		"x": 563,
		"y": 3354,
		"amount": 1,
		"respawn": 60
	},
	{
		"id": 723,
		"x": 560,
		"y": 3352,
		"amount": 1,
		"respawn": 60
	},
	{
		"id": 732,
		"x": 533,
		"y": 3302,
		"amount": 1,
		"respawn": 10
	},
	{
		"id": 94,
		"x": 51,
		"y": 718,
		"amount": 1,
		"respawn": 30
	},
	{
		"id": 1099,
		"x": 65,
		"y": 727,
		"amount": 1,
		"respawn": 60
	},
	{
		"id": 141,
		"x": 85,
		"y": 800,
		"amount": 1,
		"respawn": 60
	},
	{
		"id": 342,
		"x": 84,
		"y": 1744,
		"amount": 1,
		"respawn": 60
	},
	{
		"id": 156,
		"x": 75,
		"y": 3626,
		"amount": 1,
		"respawn": 30
	},
	{
		"id": 156,
		"x": 75,
		"y": 3625,
		"amount": 1,
		"respawn": 30
	},
	{
		"id": 156,
		"x": 75,
		"y": 3624,
		"amount": 1,
		"respawn": 30
	},
	{
		"id": 156,
		"x": 75,
		"y": 3622,
		"amount": 1,
		"respawn": 30
	},
	{
		"id": 986,
		"x": 63,
		"y": 3641,
		"amount": 1,
		"respawn": 60
	},
	{
		"id": 986,
		"x": 62,
		"y": 3641,
		"amount": 1,
		"respawn": 60
	},
	{
		"id": 211,
		"x": 291,
		"y": 524,
		"amount": 1,
		"respawn": 40
	},
	{
		"id": 907,
		"x": 759,
		"y": 3449,
		"amount": 1,
		"respawn": 30
	},
	{
		"id": 143,
		"x": 761,
		"y": 3448,
		"amount": 1,
		"respawn": 30
	},
	{
		"id": 60,
		"x": 760,
		"y": 3451,
		"amount": 1,
		"respawn": 60
	},
	{
		"id": 138,
		"x": 760,
		"y": 3448,
		"amount": 1,
		"respawn": 30
	},
	{
		"id": 20,
		"x": 747,
		"y": 3432,
		"amount": 1,
		"respawn": 60
	},
	{
		"id": 95,
		"x": 763,
		"y": 3451,
		"amount": 1,
		"respawn": 60
	},
	{
		"id": 60,
		"x": 775,
		"y": 3527,
		"amount": 1,
		"respawn": 60
	},
	{
		"id": 60,
		"x": 768,
		"y": 3533,
		"amount": 1,
		"respawn": 60
	},
	{
		"id": 5,
		"x": 768,
		"y": 3523,
		"amount": 1,
		"respawn": 60
	},
	{
		"id": 21,
		"x": 756,
		"y": 667,
		"amount": 1,
		"respawn": 30
	},
	{
		"id": 1003,
		"x": 804,
		"y": 3509,
		"amount": 1,
		"respawn": 60
	},
	{
		"id": 346,
		"x": 742,
		"y": 619,
		"amount": 1,
		"respawn": 30
	},
	{
		"id": 132,
		"x": 743,
		"y": 625,
		"amount": 1,
		"respawn": 120
	},
	{
		"id": 357,
		"x": 745,
		"y": 626,
		"amount": 1,
		"respawn": 30
	},
	{
		"id": 133,
		"x": 678,
		"y": 3445,
		"amount": 1,
		"respawn": 120
	},
	{
		"id": 132,
		"x": 678,
		"y": 3451,
		"amount": 1,
		"respawn": 120
	},
	{
		"id": 410,
		"x": 708,
		"y": 3449,
		"amount": 1,
		"respawn": 30
	},
	{
		"id": 410,
		"x": 705,
		"y": 3450,
		"amount": 1,
		"respawn": 30
	},
	{
		"id": 410,
		"x": 726,
		"y": 3442,
		"amount": 1,
		"respawn": 30
	},
	{
		"id": 996,
		"x": 726,
		"y": 3448,
		"amount": 1,
		"respawn": 60
	},
	{
		"id": 991,
		"x": 728,
		"y": 3434,
		"amount": 1,
		"respawn": 60
	},
	{
		"id": 993,
		"x": 752,
		"y": 3440,
		"amount": 1,
		"respawn": 60
	},
	{
		"id": 992,
		"x": 755,
		"y": 3442,
		"amount": 1,
		"respawn": 60
	},
	{
		"id": 994,
		"x": 708,
		"y": 3473,
		"amount": 1,
		"respawn": 60
	},
	{
		"id": 994,
		"x": 715,
		"y": 3482,
		"amount": 1,
		"respawn": 60
	},
	{
		"id": 237,
		"x": 721,
		"y": 3471,
		"amount": 1,
		"respawn": 30
	},
	{
		"id": 909,
		"x": 721,
		"y": 3493,
		"amount": 1,
		"respawn": 60
	},
	{
		"id": 20,
		"x": 752,
		"y": 3430,
		"amount": 1,
		"respawn": 60
	},
	{
		"id": 20,
		"x": 748,
		"y": 3426,
		"amount": 1,
		"respawn": 60
	},
	{
		"id": 20,
		"x": 743,
		"y": 3432,
		"amount": 1,
		"respawn": 60
	},
	{
		"id": 20,
		"x": 742,
		"y": 3429,
		"amount": 1,
		"respawn": 60
	},
	{
		"id": 20,
		"x": 745,
		"y": 3427,
		"amount": 1,
		"respawn": 60
	},
	{
		"id": 20,
		"x": 740,
		"y": 3427,
		"amount": 1,
		"respawn": 60
	},
	{
		"id": 237,
		"x": 605,
		"y": 801,
		"amount": 1,
		"respawn": 60
	},
	{
		"id": 20,
		"x": 604,
		"y": 799,
		"amount": 1,
		"respawn": 45
	},
	{
		"id": 288,
		"x": 245,
		"y": 176,
		"amount": 1,
		"respawn": 45
	},
	{
		"id": 21,
		"x": 115,
		"y": 612,
		"amount": 1,
		"respawn": 30
	},
	{
		"id": 1283,
		"x": 300,
		"y": 758,
		"amount": 1,
		"respawn": 15
	},
	{
		"id": 1283,
		"x": 299,
		"y": 755,
		"amount": 1,
		"respawn": 15
	},
	{
		"id": 1283,
		"x": 299,
		"y": 760,
		"amount": 1,
		"respawn": 15
	},
	{
		"id": 1283,
		"x": 306,
		"y": 758,
		"amount": 1,
		"respawn": 15
	},
	{
		"id": 1283,
		"x": 304,
		"y": 754,
		"amount": 1,
		"respawn": 15
	},
	{
		"id": 1283,
		"x": 305,
		"y": 761,
		"amount": 1,
		"respawn": 15
	},
	{
		"id": 1283,
		"x": 252,
		"y": 758,
		"amount": 1,
		"respawn": 15
	},
	{
		"id": 1283,
		"x": 251,
		"y": 755,
		"amount": 1,
		"respawn": 15
	},
	{
		"id": 1283,
		"x": 251,
		"y": 760,
		"amount": 1,
		"respawn": 15
	},
	{
		"id": 1283,
		"x": 258,
		"y": 758,
		"amount": 1,
		"respawn": 15
	},
	{
		"id": 1283,
		"x": 256,
		"y": 754,
		"amount": 1,
		"respawn": 15
	},
	{
		"id": 1283,
		"x": 257,
		"y": 761,
		"amount": 1,
		"respawn": 15
	},
	{
		"id": 36,
		"x": 149,
		"y": 454,
		"amount": 2,
		"respawn": 40
	},
	{
		"id": 83,
		"x": 136,
		"y": 279,
		"amount": 1,
		"respawn": 45
	},
	{
		"id": 27,
		"x": 131,
		"y": 280,
		"amount": 1,
		"respawn": 45
	},
	{
		"id": 538,
		"x": 362,
		"y": 1439,
		"amount": 1,
		"respawn": 30
	},
	{
		"id": 20,
		"x": 591,
		"y": 690,
		"amount": 1,
		"respawn": 60
	},
	{
		"id": 8,
		"x": 615,
		"y": 2603,
		"amount": 1,
		"respawn": 600
	},
	{
		"id": 12,
		"x": 616,
		"y": 2604,
		"amount": 1,
		"respawn": 600
	},
	{
		"id": 3,
		"x": 617,
		"y": 2605,
		"amount": 1,
		"respawn": 600
	},
	{
		"id": 0,
		"x": 616,
		"y": 2606,
		"amount": 1,
		"respawn": 600
	},
	{
		"id": 1,
		"x": 617,
		"y": 2606,
		"amount": 1,
		"respawn": 600
	},
	{
		"id": 6,
		"x": 620,
		"y": 2606,
		"amount": 1,
		"respawn": 600
	},
	{
		"id": 20,
		"x": 651,
		"y": 3594,
		"amount": 1,
		"respawn": 45
	},
	{
		"id": 20,
		"x": 648,
		"y": 3596,
		"amount": 1,
		"respawn": 45
	},
	{
		"id": 1086,
		"x": 650,
		"y": 3592,
		"amount": 1,
		"respawn": 45
	},
	{
		"id": 10,
		"x": 628,
		"y": 3595,
		"amount": 1,
		"respawn": 45
	},
	{
		"id": 10,
		"x": 629,
		"y": 3595,
		"amount": 1,
		"respawn": 45
	},
	{
		"id": 20,
		"x": 628,
		"y": 3596,
		"amount": 1,
		"respawn": 45
	},
	{
		"id": 20,
		"x": 627,
		"y": 3593,
		"amount": 1,
		"respawn": 45
	},
	{
		"id": 20,
		"x": 628,
		"y": 3589,
		"amount": 1,
		"respawn": 45
	},
	{
		"id": 10,
		"x": 631,
		"y": 3594,
		"amount": 1,
		"respawn": 45
	},
	{
		"id": 20,
		"x": 652,
		"y": 3557,
		"amount": 1,
		"respawn": 45
	},
	{
		"id": 20,
		"x": 648,
		"y": 3557,
		"amount": 1,
		"respawn": 45
	},
	{
		"id": 20,
		"x": 651,
		"y": 3559,
		"amount": 1,
		"respawn": 45
	},
	{
		"id": 1086,
		"x": 650,
		"y": 3560,
		"amount": 1,
		"respawn": 45
	},
	{
		"id": 20,
		"x": 652,
		"y": 3559,
		"amount": 1,
		"respawn": 45
	},
	{
		"id": 1036,
		"x": 635,
		"y": 3566,
		"amount": 1,
		"respawn": 60
	},
	{
		"id": 165,
		"x": 642,
		"y": 3564,
		"amount": 1,
		"respawn": 60
	},
	{
		"id": 165,
		"x": 642,
		"y": 3563,
		"amount": 1,
		"respawn": 60
	},
	{
		"id": 20,
		"x": 626,
		"y": 3568,
		"amount": 1,
		"respawn": 45
	},
	{
		"id": 20,
		"x": 629,
		"y": 3569,
		"amount": 1,
		"respawn": 45
	},
	{
		"id": 20,
		"x": 630,
		"y": 3570,
		"amount": 1,
		"respawn": 45
	},
	{
		"id": 20,
		"x": 629,
		"y": 3570,
		"amount": 1,
		"respawn": 45
	},
	{
		"id": 20,
		"x": 628,
		"y": 3569,
		"amount": 1,
		"respawn": 45
	},
	{
		"id": 20,
		"x": 630,
		"y": 3568,
		"amount": 1,
		"respawn": 45
	},
	{
		"id": 20,
		"x": 628,
		"y": 3567,
		"amount": 1,
		"respawn": 45
	},
	{
		"id": 319,
		"x": 631,
		"y": 3583,
		"amount": 1,
		"respawn": 30
	},
	{
		"id": 20,
		"x": 664,
		"y": 3616,
		"amount": 1,
		"respawn": 25
	},
	{
		"id": 20,
		"x": 663,
		"y": 3618,
		"amount": 1,
		"respawn": 25
	},
	{
		"id": 20,
		"x": 662,
		"y": 3618,
		"amount": 1,
		"respawn": 25
	},
	{
		"id": 20,
		"x": 662,
		"y": 3617,
		"amount": 1,
		"respawn": 25
	},
	{
		"id": 20,
		"x": 664,
		"y": 3620,
		"amount": 1,
		"respawn": 25
	},
	{
		"id": 1087,
		"x": 664,
		"y": 3614,
		"amount": 1,
		"respawn": 25
	},
	{
		"id": 20,
		"x": 661,
		"y": 3614,
		"amount": 1,
		"respawn": 25
	},
	{
		"id": 20,
		"x": 665,
		"y": 3637,
		"amount": 1,
		"respawn": 25
	},
	{
		"id": 20,
		"x": 665,
		"y": 3636,
		"amount": 1,
		"respawn": 25
	},
	{
		"id": 20,
		"x": 665,
		"y": 3635,
		"amount": 1,
		"respawn": 25
	},
	{
		"id": 20,
		"x": 663,
		"y": 3635,
		"amount": 1,
		"respawn": 25
	},
	{
		"id": 20,
		"x": 666,
		"y": 3635,
		"amount": 1,
		"respawn": 25
	},
	{
		"id": 20,
		"x": 667,
		"y": 3635,
		"amount": 1,
		"respawn": 25
	},
	{
		"id": 20,
		"x": 667,
		"y": 3634,
		"amount": 1,
		"respawn": 25
	},
	{
		"id": 20,
		"x": 665,
		"y": 3633,
		"amount": 1,
		"respawn": 25
	},
	{
		"id": 20,
		"x": 664,
		"y": 3637,
		"amount": 1,
		"respawn": 25
	},
	{
		"id": 20,
		"x": 664,
		"y": 3636,
		"amount": 1,
		"respawn": 25
	},
	{
		"id": 20,
		"x": 663,
		"y": 3620,
		"amount": 1,
		"respawn": 25
	},
	{
		"id": 10,
		"x": 358,
		"y": 3626,
		"amount": 10,
		"respawn": 45
	}
]